Country	Period	Indicator	IncomeClass	Value
AUT	Mid 2010s	age: 0-17	Lower	33.1504
AUT	Mid 2010s	age: 0-17	Middle	63.7744
AUT	Mid 2010s	age: 0-17	Upper	3.07522
AUT	Mid 2010s	age: 18-29	Lower	26.2045
AUT	Mid 2010s	age: 18-29	Middle	67.4072
AUT	Mid 2010s	age: 18-29	Upper	6.38824
AUT	Mid 2010s	age: 30-44	Lower	25.7653
AUT	Mid 2010s	age: 30-44	Middle	68.7555
AUT	Mid 2010s	age: 30-44	Upper	5.47916
AUT	Mid 2010s	age: 45-64	Lower	20.2418
AUT	Mid 2010s	age: 45-64	Middle	68.0617
AUT	Mid 2010s	age: 45-64	Upper	11.6965
AUT	Mid 2010s	age: 65 or older	Lower	30.7829
AUT	Mid 2010s	age: 65 or older	Middle	63.5631
AUT	Mid 2010s	age: 65 or older	Upper	5.65398
AUT	Mid 2010s	education: less than upper secondary	Lower	41.8397
AUT	Mid 2010s	education: less than upper secondary	Middle	55.6081
AUT	Mid 2010s	education: less than upper secondary	Upper	2.55217
AUT	Mid 2010s	education: tertiary	Lower	15.7116
AUT	Mid 2010s	education: tertiary	Middle	63.3162
AUT	Mid 2010s	education: tertiary	Upper	20.9722
AUT	Mid 2010s	education: upper secondary	Lower	21.7422
AUT	Mid 2010s	education: upper secondary	Middle	71.547
AUT	Mid 2010s	education: upper secondary	Upper	6.71079
AUT	Mid 2010s	family type: couple with children	Lower	19.1316
AUT	Mid 2010s	family type: couple with children	Middle	73.8752
AUT	Mid 2010s	family type: couple with children	Upper	6.99314
AUT	Mid 2010s	family type: couple with no children	Lower	21.8514
AUT	Mid 2010s	family type: couple with no children	Middle	66.8693
AUT	Mid 2010s	family type: couple with no children	Upper	11.2793
AUT	Mid 2010s	family type: single adult	Lower	45.5886
AUT	Mid 2010s	family type: single adult	Middle	50.2994
AUT	Mid 2010s	family type: single adult	Upper	4.11201
AUT	Mid 2010s	family type: single parent	Lower	43.1293
AUT	Mid 2010s	family type: single parent	Middle	54.2717
AUT	Mid 2010s	family type: single parent	Upper	2.599
BEL	Mid 2010s	age: 0-17	Lower	30.6545
BEL	Mid 2010s	age: 0-17	Middle	65.9472
BEL	Mid 2010s	age: 0-17	Upper	3.39831
BEL	Mid 2010s	age: 18-29	Lower	25.8013
BEL	Mid 2010s	age: 18-29	Middle	68.1999
BEL	Mid 2010s	age: 18-29	Upper	5.99883
BEL	Mid 2010s	age: 30-44	Lower	23.0956
BEL	Mid 2010s	age: 30-44	Middle	71.6941
BEL	Mid 2010s	age: 30-44	Upper	5.2103
BEL	Mid 2010s	age: 45-64	Lower	25.0357
BEL	Mid 2010s	age: 45-64	Middle	67.1924
BEL	Mid 2010s	age: 45-64	Upper	7.77185
BEL	Mid 2010s	age: 65 or older	Lower	44.3604
BEL	Mid 2010s	age: 65 or older	Middle	54.397
BEL	Mid 2010s	age: 65 or older	Upper	1.24266
BEL	Mid 2010s	education: less than upper secondary	Lower	51.7644
BEL	Mid 2010s	education: less than upper secondary	Middle	47.1143
BEL	Mid 2010s	education: less than upper secondary	Upper	1.12129
BEL	Mid 2010s	education: tertiary	Lower	12.9286
BEL	Mid 2010s	education: tertiary	Middle	76.7599
BEL	Mid 2010s	education: tertiary	Upper	10.3115
BEL	Mid 2010s	education: upper secondary	Lower	28.1337
BEL	Mid 2010s	education: upper secondary	Middle	68.5018
BEL	Mid 2010s	education: upper secondary	Upper	3.36449
BEL	Mid 2010s	family type: couple with children	Lower	24.0592
BEL	Mid 2010s	family type: couple with children	Middle	72.0601
BEL	Mid 2010s	family type: couple with children	Upper	3.88065
BEL	Mid 2010s	family type: couple with no children	Lower	21.943
BEL	Mid 2010s	family type: couple with no children	Middle	70.7286
BEL	Mid 2010s	family type: couple with no children	Upper	7.3284
BEL	Mid 2010s	family type: single adult	Lower	53.9524
BEL	Mid 2010s	family type: single adult	Middle	44.2035
BEL	Mid 2010s	family type: single adult	Upper	1.84411
BEL	Mid 2010s	family type: single parent	Lower	68.8275
BEL	Mid 2010s	family type: single parent	Middle	28.9907
BEL	Mid 2010s	family type: single parent	Upper	2.18177
BRA	Mid 2010s	age: 0-17	Lower	48.7789
BRA	Mid 2010s	age: 0-17	Middle	39.8297
BRA	Mid 2010s	age: 0-17	Upper	11.3914
BRA	Mid 2010s	age: 18-29	Lower	33.6819
BRA	Mid 2010s	age: 18-29	Middle	46.7126
BRA	Mid 2010s	age: 18-29	Upper	19.6055
BRA	Mid 2010s	age: 30-44	Lower	33.9297
BRA	Mid 2010s	age: 30-44	Middle	45.462
BRA	Mid 2010s	age: 30-44	Upper	20.6083
BRA	Mid 2010s	age: 45-64	Lower	29.4544
BRA	Mid 2010s	age: 45-64	Middle	45.0341
BRA	Mid 2010s	age: 45-64	Upper	25.5115
BRA	Mid 2010s	age: 65 or older	Lower	23.9722
BRA	Mid 2010s	age: 65 or older	Middle	54.1675
BRA	Mid 2010s	age: 65 or older	Upper	21.8603
BRA	Mid 2010s	education: less than upper secondary	Lower	40.0953
BRA	Mid 2010s	education: less than upper secondary	Middle	49.7211
BRA	Mid 2010s	education: less than upper secondary	Upper	10.1837
BRA	Mid 2010s	education: tertiary	Lower	12.6468
BRA	Mid 2010s	education: tertiary	Middle	22.7465
BRA	Mid 2010s	education: tertiary	Upper	64.6067
BRA	Mid 2010s	education: upper secondary	Lower	23.929
BRA	Mid 2010s	education: upper secondary	Middle	51.5193
BRA	Mid 2010s	education: upper secondary	Upper	24.5517
BRA	Mid 2010s	family type: couple with children	Lower	36.7523
BRA	Mid 2010s	family type: couple with children	Middle	44.1657
BRA	Mid 2010s	family type: couple with children	Upper	19.082
BRA	Mid 2010s	family type: couple with no children	Lower	24.2056
BRA	Mid 2010s	family type: couple with no children	Middle	51.1471
BRA	Mid 2010s	family type: couple with no children	Upper	24.6473
BRA	Mid 2010s	family type: single adult	Lower	41.1957
BRA	Mid 2010s	family type: single adult	Middle	38.7161
BRA	Mid 2010s	family type: single adult	Upper	20.0882
BRA	Mid 2010s	family type: single parent	Lower	42.5956
BRA	Mid 2010s	family type: single parent	Middle	43.3616
BRA	Mid 2010s	family type: single parent	Upper	14.0428
CAN	Mid 2010s	age: 0-17	Lower	39.3373
CAN	Mid 2010s	age: 0-17	Middle	53.6191
CAN	Mid 2010s	age: 0-17	Upper	7.04363
CAN	Mid 2010s	age: 18-29	Lower	30.8701
CAN	Mid 2010s	age: 18-29	Middle	58.7022
CAN	Mid 2010s	age: 18-29	Upper	10.4276
CAN	Mid 2010s	age: 30-44	Lower	30.0606
CAN	Mid 2010s	age: 30-44	Middle	60.3745
CAN	Mid 2010s	age: 30-44	Upper	9.56497
CAN	Mid 2010s	age: 45-64	Lower	25.6918
CAN	Mid 2010s	age: 45-64	Middle	60.6079
CAN	Mid 2010s	age: 45-64	Upper	13.7003
CAN	Mid 2010s	age: 65 or older	Lower	36.0911
CAN	Mid 2010s	age: 65 or older	Middle	57.3275
CAN	Mid 2010s	age: 65 or older	Upper	6.58146
CAN	Mid 2010s	education: less than upper secondary	Lower	48.5235
CAN	Mid 2010s	education: less than upper secondary	Middle	48.3466
CAN	Mid 2010s	education: less than upper secondary	Upper	3.12984
CAN	Mid 2010s	education: tertiary	Lower	23.0237
CAN	Mid 2010s	education: tertiary	Middle	63.1542
CAN	Mid 2010s	education: tertiary	Upper	13.8222
CAN	Mid 2010s	education: upper secondary	Lower	31.8216
CAN	Mid 2010s	education: upper secondary	Middle	59.4948
CAN	Mid 2010s	education: upper secondary	Upper	8.68361
CAN	Mid 2010s	family type: couple with children	Lower	26.0998
CAN	Mid 2010s	family type: couple with children	Middle	62.3972
CAN	Mid 2010s	family type: couple with children	Upper	11.503
CAN	Mid 2010s	family type: couple with no children	Lower	23.7259
CAN	Mid 2010s	family type: couple with no children	Middle	63.1714
CAN	Mid 2010s	family type: couple with no children	Upper	13.1027
CAN	Mid 2010s	family type: single adult	Lower	52.5301
CAN	Mid 2010s	family type: single adult	Middle	42.4119
CAN	Mid 2010s	family type: single adult	Upper	5.05791
CAN	Mid 2010s	family type: single parent	Lower	56.4164
CAN	Mid 2010s	family type: single parent	Middle	41.3957
CAN	Mid 2010s	family type: single parent	Upper	2.18784
CHE	Mid 2010s	age: 0-17	Lower	33.3495
CHE	Mid 2010s	age: 0-17	Middle	61.341
CHE	Mid 2010s	age: 0-17	Upper	5.30946
CHE	Mid 2010s	age: 18-29	Lower	21.3629
CHE	Mid 2010s	age: 18-29	Middle	72.893
CHE	Mid 2010s	age: 18-29	Upper	5.7441
CHE	Mid 2010s	age: 30-44	Lower	24.0207
CHE	Mid 2010s	age: 30-44	Middle	68.296
CHE	Mid 2010s	age: 30-44	Upper	7.6833
CHE	Mid 2010s	age: 45-64	Lower	20.2292
CHE	Mid 2010s	age: 45-64	Middle	67.5733
CHE	Mid 2010s	age: 45-64	Upper	12.1975
CHE	Mid 2010s	age: 65 or older	Lower	43.5768
CHE	Mid 2010s	age: 65 or older	Middle	50.8715
CHE	Mid 2010s	age: 65 or older	Upper	5.55165
CHE	Mid 2010s	education: less than upper secondary	Lower	44.8866
CHE	Mid 2010s	education: less than upper secondary	Middle	53.6977
CHE	Mid 2010s	education: less than upper secondary	Upper	1.41575
CHE	Mid 2010s	education: tertiary	Lower	14.2003
CHE	Mid 2010s	education: tertiary	Middle	67.631
CHE	Mid 2010s	education: tertiary	Upper	18.1687
CHE	Mid 2010s	education: upper secondary	Lower	26.4972
CHE	Mid 2010s	education: upper secondary	Middle	67.9873
CHE	Mid 2010s	education: upper secondary	Upper	5.51545
CHE	Mid 2010s	family type: couple with children	Lower	24.8492
CHE	Mid 2010s	family type: couple with children	Middle	67.3467
CHE	Mid 2010s	family type: couple with children	Upper	7.80408
CHE	Mid 2010s	family type: couple with no children	Lower	22.1685
CHE	Mid 2010s	family type: couple with no children	Middle	66.0005
CHE	Mid 2010s	family type: couple with no children	Upper	11.8309
CHE	Mid 2010s	family type: single adult	Lower	40.8269
CHE	Mid 2010s	family type: single adult	Middle	54.2842
CHE	Mid 2010s	family type: single adult	Upper	4.8889
CHE	Mid 2010s	family type: single parent	Lower	38.1376
CHE	Mid 2010s	family type: single parent	Middle	59.9906
CHE	Mid 2010s	family type: single parent	Upper	1.87184
CZE	Mid 2010s	age: 0-17	Lower	28.3862
CZE	Mid 2010s	age: 0-17	Middle	65.9262
CZE	Mid 2010s	age: 0-17	Upper	5.68755
CZE	Mid 2010s	age: 18-29	Lower	18.2273
CZE	Mid 2010s	age: 18-29	Middle	75.2704
CZE	Mid 2010s	age: 18-29	Upper	6.5023
CZE	Mid 2010s	age: 30-44	Lower	18.192
CZE	Mid 2010s	age: 30-44	Middle	73.5942
CZE	Mid 2010s	age: 30-44	Upper	8.21377
CZE	Mid 2010s	age: 45-64	Lower	18.5352
CZE	Mid 2010s	age: 45-64	Middle	73.9672
CZE	Mid 2010s	age: 45-64	Upper	7.49762
CZE	Mid 2010s	age: 65 or older	Lower	32.1329
CZE	Mid 2010s	age: 65 or older	Middle	66.029
CZE	Mid 2010s	age: 65 or older	Upper	1.83808
CZE	Mid 2010s	education: less than upper secondary	Lower	41.8949
CZE	Mid 2010s	education: less than upper secondary	Middle	56.8433
CZE	Mid 2010s	education: less than upper secondary	Upper	1.26175
CZE	Mid 2010s	education: tertiary	Lower	7.97032
CZE	Mid 2010s	education: tertiary	Middle	75.6491
CZE	Mid 2010s	education: tertiary	Upper	16.3806
CZE	Mid 2010s	education: upper secondary	Lower	21.0296
CZE	Mid 2010s	education: upper secondary	Middle	74.136
CZE	Mid 2010s	education: upper secondary	Upper	4.83447
CZE	Mid 2010s	family type: couple with children	Lower	16.4012
CZE	Mid 2010s	family type: couple with children	Middle	75.9234
CZE	Mid 2010s	family type: couple with children	Upper	7.67542
CZE	Mid 2010s	family type: couple with no children	Lower	11.9951
CZE	Mid 2010s	family type: couple with no children	Middle	81.2764
CZE	Mid 2010s	family type: couple with no children	Upper	6.72856
CZE	Mid 2010s	family type: single adult	Lower	55.8899
CZE	Mid 2010s	family type: single adult	Middle	41.5956
CZE	Mid 2010s	family type: single adult	Upper	2.51452
CZE	Mid 2010s	family type: single parent	Lower	44.3089
CZE	Mid 2010s	family type: single parent	Middle	54.0705
CZE	Mid 2010s	family type: single parent	Upper	1.62057
DEU	Mid 2010s	age: 0-17	Lower	32.2513
DEU	Mid 2010s	age: 0-17	Middle	62.6446
DEU	Mid 2010s	age: 0-17	Upper	5.10404
DEU	Mid 2010s	age: 18-29	Lower	32.7063
DEU	Mid 2010s	age: 18-29	Middle	60.809
DEU	Mid 2010s	age: 18-29	Upper	6.48476
DEU	Mid 2010s	age: 30-44	Lower	23.8883
DEU	Mid 2010s	age: 30-44	Middle	67.4185
DEU	Mid 2010s	age: 30-44	Upper	8.69324
DEU	Mid 2010s	age: 45-64	Lower	20.9246
DEU	Mid 2010s	age: 45-64	Middle	67.3595
DEU	Mid 2010s	age: 45-64	Upper	11.7159
DEU	Mid 2010s	age: 65 or older	Lower	35.14
DEU	Mid 2010s	age: 65 or older	Middle	59.7827
DEU	Mid 2010s	age: 65 or older	Upper	5.07729
DEU	Mid 2010s	education: less than upper secondary	Lower	50.646
DEU	Mid 2010s	education: less than upper secondary	Middle	47.7695
DEU	Mid 2010s	education: less than upper secondary	Upper	1.58449
DEU	Mid 2010s	education: tertiary	Lower	13.6418
DEU	Mid 2010s	education: tertiary	Middle	67.0035
DEU	Mid 2010s	education: tertiary	Upper	19.3547
DEU	Mid 2010s	education: upper secondary	Lower	29.0476
DEU	Mid 2010s	education: upper secondary	Middle	66.1065
DEU	Mid 2010s	education: upper secondary	Upper	4.84587
DEU	Mid 2010s	family type: couple with children	Lower	18.6638
DEU	Mid 2010s	family type: couple with children	Middle	72.6452
DEU	Mid 2010s	family type: couple with children	Upper	8.69099
DEU	Mid 2010s	family type: couple with no children	Lower	20.5531
DEU	Mid 2010s	family type: couple with no children	Middle	67.8584
DEU	Mid 2010s	family type: couple with no children	Upper	11.5885
DEU	Mid 2010s	family type: single adult	Lower	44.7802
DEU	Mid 2010s	family type: single adult	Middle	50.8127
DEU	Mid 2010s	family type: single adult	Upper	4.40708
DEU	Mid 2010s	family type: single parent	Lower	56.4266
DEU	Mid 2010s	family type: single parent	Middle	41.9909
DEU	Mid 2010s	family type: single parent	Upper	1.5825
DNK	Mid 2010s	age: 0-17	Lower	21.563
DNK	Mid 2010s	age: 0-17	Middle	75.1315
DNK	Mid 2010s	age: 0-17	Upper	3.3055
DNK	Mid 2010s	age: 18-29	Lower	39.8457
DNK	Mid 2010s	age: 18-29	Middle	57.6672
DNK	Mid 2010s	age: 18-29	Upper	2.48714
DNK	Mid 2010s	age: 30-44	Lower	18.3406
DNK	Mid 2010s	age: 30-44	Middle	78.2389
DNK	Mid 2010s	age: 30-44	Upper	3.42055
DNK	Mid 2010s	age: 45-64	Lower	13.637
DNK	Mid 2010s	age: 45-64	Middle	78.7253
DNK	Mid 2010s	age: 45-64	Upper	7.63768
DNK	Mid 2010s	age: 65 or older	Lower	50.7102
DNK	Mid 2010s	age: 65 or older	Middle	47.0156
DNK	Mid 2010s	age: 65 or older	Upper	2.27428
DNK	Mid 2010s	education: less than upper secondary	Lower	43.9401
DNK	Mid 2010s	education: less than upper secondary	Middle	54.183
DNK	Mid 2010s	education: less than upper secondary	Upper	1.87694
DNK	Mid 2010s	education: tertiary	Lower	12.7664
DNK	Mid 2010s	education: tertiary	Middle	78.3109
DNK	Mid 2010s	education: tertiary	Upper	8.92262
DNK	Mid 2010s	education: upper secondary	Lower	25.9206
DNK	Mid 2010s	education: upper secondary	Middle	70.7755
DNK	Mid 2010s	education: upper secondary	Upper	3.30387
DNK	Mid 2010s	family type: couple with children	Lower	10.693
DNK	Mid 2010s	family type: couple with children	Middle	84.2929
DNK	Mid 2010s	family type: couple with children	Upper	5.01408
DNK	Mid 2010s	family type: couple with no children	Lower	24.2292
DNK	Mid 2010s	family type: couple with no children	Middle	69.5737
DNK	Mid 2010s	family type: couple with no children	Upper	6.19707
DNK	Mid 2010s	family type: single adult	Lower	54.5707
DNK	Mid 2010s	family type: single adult	Middle	44.118
DNK	Mid 2010s	family type: single adult	Upper	1.3113
DNK	Mid 2010s	family type: single parent	Lower	47.2924
DNK	Mid 2010s	family type: single parent	Middle	51.4825
DNK	Mid 2010s	family type: single parent	Upper	1.22507
ESP	Mid 2010s	age: 0-17	Lower	41.7549
ESP	Mid 2010s	age: 0-17	Middle	49.5128
ESP	Mid 2010s	age: 0-17	Upper	8.73226
ESP	Mid 2010s	age: 18-29	Lower	36.3553
ESP	Mid 2010s	age: 18-29	Middle	51.85
ESP	Mid 2010s	age: 18-29	Upper	11.7947
ESP	Mid 2010s	age: 30-44	Lower	33.7017
ESP	Mid 2010s	age: 30-44	Middle	55.5983
ESP	Mid 2010s	age: 30-44	Upper	10.7
ESP	Mid 2010s	age: 45-64	Lower	29.912
ESP	Mid 2010s	age: 45-64	Middle	54.4977
ESP	Mid 2010s	age: 45-64	Upper	15.5903
ESP	Mid 2010s	age: 65 or older	Lower	28.412
ESP	Mid 2010s	age: 65 or older	Middle	62.4017
ESP	Mid 2010s	age: 65 or older	Upper	9.18633
ESP	Mid 2010s	education: less than upper secondary	Lower	41.1054
ESP	Mid 2010s	education: less than upper secondary	Middle	54.5476
ESP	Mid 2010s	education: less than upper secondary	Upper	4.34698
ESP	Mid 2010s	education: tertiary	Lower	16.7021
ESP	Mid 2010s	education: tertiary	Middle	56.6937
ESP	Mid 2010s	education: tertiary	Upper	26.6042
ESP	Mid 2010s	education: upper secondary	Lower	29.4434
ESP	Mid 2010s	education: upper secondary	Middle	59.0371
ESP	Mid 2010s	education: upper secondary	Upper	11.5195
ESP	Mid 2010s	family type: couple with children	Lower	32.0717
ESP	Mid 2010s	family type: couple with children	Middle	55.1482
ESP	Mid 2010s	family type: couple with children	Upper	12.7802
ESP	Mid 2010s	family type: couple with no children	Lower	26.1225
ESP	Mid 2010s	family type: couple with no children	Middle	60.7099
ESP	Mid 2010s	family type: couple with no children	Upper	13.1676
ESP	Mid 2010s	family type: single adult	Lower	44.5983
ESP	Mid 2010s	family type: single adult	Middle	48.2528
ESP	Mid 2010s	family type: single adult	Upper	7.14891
ESP	Mid 2010s	family type: single parent	Lower	44.0465
ESP	Mid 2010s	family type: single parent	Middle	49.0795
ESP	Mid 2010s	family type: single parent	Upper	6.87397
EST	Mid 2010s	age: 0-17	Lower	28.6729
EST	Mid 2010s	age: 0-17	Middle	56.6734
EST	Mid 2010s	age: 0-17	Upper	14.6538
EST	Mid 2010s	age: 18-29	Lower	24.9736
EST	Mid 2010s	age: 18-29	Middle	57.119
EST	Mid 2010s	age: 18-29	Upper	17.9074
EST	Mid 2010s	age: 30-44	Lower	24.6859
EST	Mid 2010s	age: 30-44	Middle	55.7364
EST	Mid 2010s	age: 30-44	Upper	19.5777
EST	Mid 2010s	age: 45-64	Lower	32.0507
EST	Mid 2010s	age: 45-64	Middle	53.2813
EST	Mid 2010s	age: 45-64	Upper	14.6679
EST	Mid 2010s	age: 65 or older	Lower	55.0522
EST	Mid 2010s	age: 65 or older	Middle	41.41
EST	Mid 2010s	age: 65 or older	Upper	3.53781
EST	Mid 2010s	education: less than upper secondary	Lower	46.5886
EST	Mid 2010s	education: less than upper secondary	Middle	47.12
EST	Mid 2010s	education: less than upper secondary	Upper	6.29143
EST	Mid 2010s	education: tertiary	Lower	25.6836
EST	Mid 2010s	education: tertiary	Middle	48.9256
EST	Mid 2010s	education: tertiary	Upper	25.3908
EST	Mid 2010s	education: upper secondary	Lower	34.4288
EST	Mid 2010s	education: upper secondary	Middle	55.1806
EST	Mid 2010s	education: upper secondary	Upper	10.3905
EST	Mid 2010s	family type: couple with children	Lower	22.8739
EST	Mid 2010s	family type: couple with children	Middle	58.2832
EST	Mid 2010s	family type: couple with children	Upper	18.8429
EST	Mid 2010s	family type: couple with no children	Lower	27.0044
EST	Mid 2010s	family type: couple with no children	Middle	57.5347
EST	Mid 2010s	family type: couple with no children	Upper	15.461
EST	Mid 2010s	family type: single adult	Lower	65.4032
EST	Mid 2010s	family type: single adult	Middle	28.6092
EST	Mid 2010s	family type: single adult	Upper	5.98767
EST	Mid 2010s	family type: single parent	Lower	47.2047
EST	Mid 2010s	family type: single parent	Middle	47.6061
EST	Mid 2010s	family type: single parent	Upper	5.18926
FIN	Mid 2010s	age: 0-17	Lower	23.2709
FIN	Mid 2010s	age: 0-17	Middle	72.8557
FIN	Mid 2010s	age: 0-17	Upper	3.87347
FIN	Mid 2010s	age: 18-29	Lower	36.8972
FIN	Mid 2010s	age: 18-29	Middle	60.6224
FIN	Mid 2010s	age: 18-29	Upper	2.48033
FIN	Mid 2010s	age: 30-44	Lower	17.8551
FIN	Mid 2010s	age: 30-44	Middle	77.354
FIN	Mid 2010s	age: 30-44	Upper	4.79089
FIN	Mid 2010s	age: 45-64	Lower	19.9963
FIN	Mid 2010s	age: 45-64	Middle	72.1128
FIN	Mid 2010s	age: 45-64	Upper	7.89091
FIN	Mid 2010s	age: 65 or older	Lower	41.6743
FIN	Mid 2010s	age: 65 or older	Middle	55.414
FIN	Mid 2010s	age: 65 or older	Upper	2.91173
FIN	Mid 2010s	education: less than upper secondary	Lower	44.5387
FIN	Mid 2010s	education: less than upper secondary	Middle	53.6682
FIN	Mid 2010s	education: less than upper secondary	Upper	1.79302
FIN	Mid 2010s	education: tertiary	Lower	11.4525
FIN	Mid 2010s	education: tertiary	Middle	78.087
FIN	Mid 2010s	education: tertiary	Upper	10.4605
FIN	Mid 2010s	education: upper secondary	Lower	31.0704
FIN	Mid 2010s	education: upper secondary	Middle	66.4678
FIN	Mid 2010s	education: upper secondary	Upper	2.46174
FIN	Mid 2010s	family type: couple with children	Lower	14.6045
FIN	Mid 2010s	family type: couple with children	Middle	80.1696
FIN	Mid 2010s	family type: couple with children	Upper	5.22593
FIN	Mid 2010s	family type: couple with no children	Lower	17.0389
FIN	Mid 2010s	family type: couple with no children	Middle	75.3852
FIN	Mid 2010s	family type: couple with no children	Upper	7.57588
FIN	Mid 2010s	family type: single adult	Lower	58.5743
FIN	Mid 2010s	family type: single adult	Middle	40.2098
FIN	Mid 2010s	family type: single adult	Upper	1.21585
FIN	Mid 2010s	family type: single parent	Lower	53.2077
FIN	Mid 2010s	family type: single parent	Middle	46.1555
FIN	Mid 2010s	family type: single parent	Upper	0.63676
FRA	Mid 2010s	age: 0-17	Lower	31.8856
FRA	Mid 2010s	age: 0-17	Middle	63.9613
FRA	Mid 2010s	age: 0-17	Upper	4.15314
FRA	Mid 2010s	age: 18-29	Lower	30.1118
FRA	Mid 2010s	age: 18-29	Middle	64.6532
FRA	Mid 2010s	age: 18-29	Upper	5.23499
FRA	Mid 2010s	age: 30-44	Lower	24.5581
FRA	Mid 2010s	age: 30-44	Middle	70.8852
FRA	Mid 2010s	age: 30-44	Upper	4.55674
FRA	Mid 2010s	age: 45-64	Lower	20.4438
FRA	Mid 2010s	age: 45-64	Middle	70.8787
FRA	Mid 2010s	age: 45-64	Upper	8.67752
FRA	Mid 2010s	age: 65 or older	Lower	22.5117
FRA	Mid 2010s	age: 65 or older	Middle	69.9559
FRA	Mid 2010s	age: 65 or older	Upper	7.53243
FRA	Mid 2010s	education: less than upper secondary	Lower	36.1668
FRA	Mid 2010s	education: less than upper secondary	Middle	60.6463
FRA	Mid 2010s	education: less than upper secondary	Upper	3.1869
FRA	Mid 2010s	education: tertiary	Lower	12.4482
FRA	Mid 2010s	education: tertiary	Middle	74.7398
FRA	Mid 2010s	education: tertiary	Upper	12.812
FRA	Mid 2010s	education: upper secondary	Lower	22.9325
FRA	Mid 2010s	education: upper secondary	Middle	72.1287
FRA	Mid 2010s	education: upper secondary	Upper	4.93885
FRA	Mid 2010s	family type: couple with children	Lower	24.3754
FRA	Mid 2010s	family type: couple with children	Middle	71.0213
FRA	Mid 2010s	family type: couple with children	Upper	4.60331
FRA	Mid 2010s	family type: couple with no children	Lower	16.3282
FRA	Mid 2010s	family type: couple with no children	Middle	74.0564
FRA	Mid 2010s	family type: couple with no children	Upper	9.61548
FRA	Mid 2010s	family type: single adult	Lower	36.3237
FRA	Mid 2010s	family type: single adult	Middle	59.5472
FRA	Mid 2010s	family type: single adult	Upper	4.12911
FRA	Mid 2010s	family type: single parent	Lower	67.3603
FRA	Mid 2010s	family type: single parent	Middle	31.3839
FRA	Mid 2010s	family type: single parent	Upper	1.25575
GBR	Mid 2010s	age: 0-17	Lower	38.108
GBR	Mid 2010s	age: 0-17	Middle	54.2798
GBR	Mid 2010s	age: 0-17	Upper	7.61213
GBR	Mid 2010s	age: 18-29	Lower	29.9356
GBR	Mid 2010s	age: 18-29	Middle	59.0384
GBR	Mid 2010s	age: 18-29	Upper	11.026
GBR	Mid 2010s	age: 30-44	Lower	25.3363
GBR	Mid 2010s	age: 30-44	Middle	60.3592
GBR	Mid 2010s	age: 30-44	Upper	14.3045
GBR	Mid 2010s	age: 45-64	Lower	24.4057
GBR	Mid 2010s	age: 45-64	Middle	59.8407
GBR	Mid 2010s	age: 45-64	Upper	15.7535
GBR	Mid 2010s	age: 65 or older	Lower	36.3929
GBR	Mid 2010s	age: 65 or older	Middle	57.7525
GBR	Mid 2010s	age: 65 or older	Upper	5.85462
GBR	Mid 2010s	education: less than upper secondary	Lower	46.8888
GBR	Mid 2010s	education: less than upper secondary	Middle	50.9805
GBR	Mid 2010s	education: less than upper secondary	Upper	2.13071
GBR	Mid 2010s	education: tertiary	Lower	14.4709
GBR	Mid 2010s	education: tertiary	Middle	62.1735
GBR	Mid 2010s	education: tertiary	Upper	23.3556
GBR	Mid 2010s	education: upper secondary	Lower	30.3372
GBR	Mid 2010s	education: upper secondary	Middle	61.0388
GBR	Mid 2010s	education: upper secondary	Upper	8.62403
GBR	Mid 2010s	family type: couple with children	Lower	25.4825
GBR	Mid 2010s	family type: couple with children	Middle	62.2358
GBR	Mid 2010s	family type: couple with children	Upper	12.2817
GBR	Mid 2010s	family type: couple with no children	Lower	21.2332
GBR	Mid 2010s	family type: couple with no children	Middle	61.9786
GBR	Mid 2010s	family type: couple with no children	Upper	16.7882
GBR	Mid 2010s	family type: single adult	Lower	46.8816
GBR	Mid 2010s	family type: single adult	Middle	47.1653
GBR	Mid 2010s	family type: single adult	Upper	5.95311
GBR	Mid 2010s	family type: single parent	Lower	51.1606
GBR	Mid 2010s	family type: single parent	Middle	47.3219
GBR	Mid 2010s	family type: single parent	Upper	1.5175
GRC	Mid 2010s	age: 0-17	Lower	37.6663
GRC	Mid 2010s	age: 0-17	Middle	52.6332
GRC	Mid 2010s	age: 0-17	Upper	9.70054
GRC	Mid 2010s	age: 18-29	Lower	36.6032
GRC	Mid 2010s	age: 18-29	Middle	53.698
GRC	Mid 2010s	age: 18-29	Upper	9.69881
GRC	Mid 2010s	age: 30-44	Lower	32.6867
GRC	Mid 2010s	age: 30-44	Middle	55.9894
GRC	Mid 2010s	age: 30-44	Upper	11.3238
GRC	Mid 2010s	age: 45-64	Lower	29.0157
GRC	Mid 2010s	age: 45-64	Middle	56.9415
GRC	Mid 2010s	age: 45-64	Upper	14.0428
GRC	Mid 2010s	age: 65 or older	Lower	27.9755
GRC	Mid 2010s	age: 65 or older	Middle	63.8669
GRC	Mid 2010s	age: 65 or older	Upper	8.15754
GRC	Mid 2010s	education: less than upper secondary	Lower	40.2243
GRC	Mid 2010s	education: less than upper secondary	Middle	55.8999
GRC	Mid 2010s	education: less than upper secondary	Upper	3.87573
GRC	Mid 2010s	education: tertiary	Lower	12.9527
GRC	Mid 2010s	education: tertiary	Middle	60.5347
GRC	Mid 2010s	education: tertiary	Upper	26.5126
GRC	Mid 2010s	education: upper secondary	Lower	31.5327
GRC	Mid 2010s	education: upper secondary	Middle	58.8331
GRC	Mid 2010s	education: upper secondary	Upper	9.63418
GRC	Mid 2010s	family type: couple with children	Lower	32.3978
GRC	Mid 2010s	family type: couple with children	Middle	54.9888
GRC	Mid 2010s	family type: couple with children	Upper	12.6134
GRC	Mid 2010s	family type: couple with no children	Lower	25.9108
GRC	Mid 2010s	family type: couple with no children	Middle	64.143
GRC	Mid 2010s	family type: couple with no children	Upper	9.94613
GRC	Mid 2010s	family type: single adult	Lower	37.2326
GRC	Mid 2010s	family type: single adult	Middle	56.4352
GRC	Mid 2010s	family type: single adult	Upper	6.33223
GRC	Mid 2010s	family type: single parent	Lower	39.4078
GRC	Mid 2010s	family type: single parent	Middle	53.3805
GRC	Mid 2010s	family type: single parent	Upper	7.21167
HUN	Mid 2010s	age: 0-17	Lower	40.032
HUN	Mid 2010s	age: 0-17	Middle	56.2268
HUN	Mid 2010s	age: 0-17	Upper	3.74123
HUN	Mid 2010s	age: 18-29	Lower	29.0478
HUN	Mid 2010s	age: 18-29	Middle	61.6667
HUN	Mid 2010s	age: 18-29	Upper	9.28554
HUN	Mid 2010s	age: 30-44	Lower	26.2749
HUN	Mid 2010s	age: 30-44	Middle	65.7834
HUN	Mid 2010s	age: 30-44	Upper	7.94169
HUN	Mid 2010s	age: 45-64	Lower	26.6504
HUN	Mid 2010s	age: 45-64	Middle	63.6935
HUN	Mid 2010s	age: 45-64	Upper	9.65606
HUN	Mid 2010s	age: 65 or older	Lower	28.4324
HUN	Mid 2010s	age: 65 or older	Middle	68.0583
HUN	Mid 2010s	age: 65 or older	Upper	3.50926
HUN	Mid 2010s	education: less than upper secondary	Lower	55.0619
HUN	Mid 2010s	education: less than upper secondary	Middle	43.6336
HUN	Mid 2010s	education: less than upper secondary	Upper	1.30455
HUN	Mid 2010s	education: tertiary	Lower	6.9324
HUN	Mid 2010s	education: tertiary	Middle	71.8525
HUN	Mid 2010s	education: tertiary	Upper	21.2151
HUN	Mid 2010s	education: upper secondary	Lower	15.4641
HUN	Mid 2010s	education: upper secondary	Middle	74.6128
HUN	Mid 2010s	education: upper secondary	Upper	9.92313
HUN	Mid 2010s	family type: couple with children	Lower	28.3853
HUN	Mid 2010s	family type: couple with children	Middle	63.1183
HUN	Mid 2010s	family type: couple with children	Upper	8.49631
HUN	Mid 2010s	family type: couple with no children	Lower	16.4041
HUN	Mid 2010s	family type: couple with no children	Middle	74.0129
HUN	Mid 2010s	family type: couple with no children	Upper	9.58295
HUN	Mid 2010s	family type: single adult	Lower	47.8268
HUN	Mid 2010s	family type: single adult	Middle	48.2387
HUN	Mid 2010s	family type: single adult	Upper	3.93458
HUN	Mid 2010s	family type: single parent	Lower	44.9162
HUN	Mid 2010s	family type: single parent	Middle	51.497
HUN	Mid 2010s	family type: single parent	Upper	3.58681
IRL	Mid 2010s	age: 0-17	Lower	33.9162
IRL	Mid 2010s	age: 0-17	Middle	59.7441
IRL	Mid 2010s	age: 0-17	Upper	6.33977
IRL	Mid 2010s	age: 18-29	Lower	30.0031
IRL	Mid 2010s	age: 18-29	Middle	60.7102
IRL	Mid 2010s	age: 18-29	Upper	9.28671
IRL	Mid 2010s	age: 30-44	Lower	25.3495
IRL	Mid 2010s	age: 30-44	Middle	64.8256
IRL	Mid 2010s	age: 30-44	Upper	9.8249
IRL	Mid 2010s	age: 45-64	Lower	28.339
IRL	Mid 2010s	age: 45-64	Middle	60.891
IRL	Mid 2010s	age: 45-64	Upper	10.7699
IRL	Mid 2010s	age: 65 or older	Lower	40.6131
IRL	Mid 2010s	age: 65 or older	Middle	52.7986
IRL	Mid 2010s	age: 65 or older	Upper	6.58836
IRL	Mid 2010s	education: less than upper secondary	Lower	46.7214
IRL	Mid 2010s	education: less than upper secondary	Middle	50.6561
IRL	Mid 2010s	education: less than upper secondary	Upper	2.62243
IRL	Mid 2010s	education: tertiary	Lower	16.2136
IRL	Mid 2010s	education: tertiary	Middle	65.7964
IRL	Mid 2010s	education: tertiary	Upper	17.9899
IRL	Mid 2010s	education: upper secondary	Lower	30.9741
IRL	Mid 2010s	education: upper secondary	Middle	63.6614
IRL	Mid 2010s	education: upper secondary	Upper	5.36452
IRL	Mid 2010s	family type: couple with children	Lower	26.6601
IRL	Mid 2010s	family type: couple with children	Middle	66.2499
IRL	Mid 2010s	family type: couple with children	Upper	7.09002
IRL	Mid 2010s	family type: couple with no children	Lower	24.1115
IRL	Mid 2010s	family type: couple with no children	Middle	62.8776
IRL	Mid 2010s	family type: couple with no children	Upper	13.0109
IRL	Mid 2010s	family type: single adult	Lower	59.1698
IRL	Mid 2010s	family type: single adult	Middle	35.4528
IRL	Mid 2010s	family type: single adult	Upper	5.3774
IRL	Mid 2010s	family type: single parent	Lower	77.8071
IRL	Mid 2010s	family type: single parent	Middle	21.9401
IRL	Mid 2010s	family type: single parent	Upper	0.252815
ISL	Mid 2010s	age: 0-17	Lower	24.895
ISL	Mid 2010s	age: 0-17	Middle	71.8175
ISL	Mid 2010s	age: 0-17	Upper	3.28753
ISL	Mid 2010s	age: 18-29	Lower	24.6997
ISL	Mid 2010s	age: 18-29	Middle	69.9025
ISL	Mid 2010s	age: 18-29	Upper	5.39785
ISL	Mid 2010s	age: 30-44	Lower	22.7989
ISL	Mid 2010s	age: 30-44	Middle	74.1672
ISL	Mid 2010s	age: 30-44	Upper	3.03389
ISL	Mid 2010s	age: 45-64	Lower	14.6275
ISL	Mid 2010s	age: 45-64	Middle	77.6186
ISL	Mid 2010s	age: 45-64	Upper	7.75393
ISL	Mid 2010s	age: 65 or older	Lower	32.4307
ISL	Mid 2010s	age: 65 or older	Middle	63.7893
ISL	Mid 2010s	age: 65 or older	Upper	3.78004
ISL	Mid 2010s	education: less than upper secondary	Lower	28.5005
ISL	Mid 2010s	education: less than upper secondary	Middle	68.0723
ISL	Mid 2010s	education: less than upper secondary	Upper	3.42713
ISL	Mid 2010s	education: tertiary	Lower	15.2467
ISL	Mid 2010s	education: tertiary	Middle	76.7418
ISL	Mid 2010s	education: tertiary	Upper	8.01149
ISL	Mid 2010s	education: upper secondary	Lower	23.5178
ISL	Mid 2010s	education: upper secondary	Middle	72.0513
ISL	Mid 2010s	education: upper secondary	Upper	4.43083
ISL	Mid 2010s	family type: couple with children	Lower	16.8351
ISL	Mid 2010s	family type: couple with children	Middle	79.4075
ISL	Mid 2010s	family type: couple with children	Upper	3.75736
ISL	Mid 2010s	family type: couple with no children	Lower	11.0121
ISL	Mid 2010s	family type: couple with no children	Middle	81.153
ISL	Mid 2010s	family type: couple with no children	Upper	7.83487
ISL	Mid 2010s	family type: single adult	Lower	57.1653
ISL	Mid 2010s	family type: single adult	Middle	40.8854
ISL	Mid 2010s	family type: single adult	Upper	1.94923
ISL	Mid 2010s	family type: single parent	Lower	66.6209
ISL	Mid 2010s	family type: single parent	Middle	31.8697
ISL	Mid 2010s	family type: single parent	Upper	1.50938
ISR	Mid 2010s	age: 0-17	Lower	43.2048
ISR	Mid 2010s	age: 0-17	Middle	46.3656
ISR	Mid 2010s	age: 0-17	Upper	10.4297
ISR	Mid 2010s	age: 18-29	Lower	33.8266
ISR	Mid 2010s	age: 18-29	Middle	53.8441
ISR	Mid 2010s	age: 18-29	Upper	12.3293
ISR	Mid 2010s	age: 30-44	Lower	30.713
ISR	Mid 2010s	age: 30-44	Middle	54.848
ISR	Mid 2010s	age: 30-44	Upper	14.439
ISR	Mid 2010s	age: 45-64	Lower	25.4704
ISR	Mid 2010s	age: 45-64	Middle	53.7552
ISR	Mid 2010s	age: 45-64	Upper	20.7744
ISR	Mid 2010s	age: 65 or older	Lower	36.6518
ISR	Mid 2010s	age: 65 or older	Middle	49.6152
ISR	Mid 2010s	age: 65 or older	Upper	13.733
ISR	Mid 2010s	education: less than upper secondary	Lower	55.4927
ISR	Mid 2010s	education: less than upper secondary	Middle	41.1489
ISR	Mid 2010s	education: less than upper secondary	Upper	3.35837
ISR	Mid 2010s	education: tertiary	Lower	17.5596
ISR	Mid 2010s	education: tertiary	Middle	56.3895
ISR	Mid 2010s	education: tertiary	Upper	26.0509
ISR	Mid 2010s	education: upper secondary	Lower	32.8504
ISR	Mid 2010s	education: upper secondary	Middle	55.8289
ISR	Mid 2010s	education: upper secondary	Upper	11.3208
ISR	Mid 2010s	family type: couple with children	Lower	34.5582
ISR	Mid 2010s	family type: couple with children	Middle	51.3361
ISR	Mid 2010s	family type: couple with children	Upper	14.1057
ISR	Mid 2010s	family type: couple with no children	Lower	22.6694
ISR	Mid 2010s	family type: couple with no children	Middle	54.0224
ISR	Mid 2010s	family type: couple with no children	Upper	23.3082
ISR	Mid 2010s	family type: single adult	Lower	45.1741
ISR	Mid 2010s	family type: single adult	Middle	43.7849
ISR	Mid 2010s	family type: single adult	Upper	11.041
ISR	Mid 2010s	family type: single parent	Lower	47.314
ISR	Mid 2010s	family type: single parent	Middle	47.4624
ISR	Mid 2010s	family type: single parent	Upper	5.2236
ITA	Mid 2010s	age: 0-17	Lower	42.5345
ITA	Mid 2010s	age: 0-17	Middle	52.4443
ITA	Mid 2010s	age: 0-17	Upper	5.02126
ITA	Mid 2010s	age: 18-29	Lower	35.664
ITA	Mid 2010s	age: 18-29	Middle	55.9961
ITA	Mid 2010s	age: 18-29	Upper	8.33989
ITA	Mid 2010s	age: 30-44	Lower	33.0785
ITA	Mid 2010s	age: 30-44	Middle	60.2048
ITA	Mid 2010s	age: 30-44	Upper	6.7167
ITA	Mid 2010s	age: 45-64	Lower	29.0698
ITA	Mid 2010s	age: 45-64	Middle	59.1776
ITA	Mid 2010s	age: 45-64	Upper	11.7527
ITA	Mid 2010s	age: 65 or older	Lower	28.5647
ITA	Mid 2010s	age: 65 or older	Middle	62.3009
ITA	Mid 2010s	age: 65 or older	Upper	9.13436
ITA	Mid 2010s	education: less than upper secondary	Lower	40.9973
ITA	Mid 2010s	education: less than upper secondary	Middle	55.4374
ITA	Mid 2010s	education: less than upper secondary	Upper	3.56526
ITA	Mid 2010s	education: tertiary	Lower	12.9188
ITA	Mid 2010s	education: tertiary	Middle	58.5172
ITA	Mid 2010s	education: tertiary	Upper	28.5639
ITA	Mid 2010s	education: upper secondary	Lower	23.9551
ITA	Mid 2010s	education: upper secondary	Middle	65.786
ITA	Mid 2010s	education: upper secondary	Upper	10.259
ITA	Mid 2010s	family type: couple with children	Lower	32.4339
ITA	Mid 2010s	family type: couple with children	Middle	58.9854
ITA	Mid 2010s	family type: couple with children	Upper	8.58076
ITA	Mid 2010s	family type: couple with no children	Lower	21.6603
ITA	Mid 2010s	family type: couple with no children	Middle	65.4483
ITA	Mid 2010s	family type: couple with no children	Upper	12.8914
ITA	Mid 2010s	family type: single adult	Lower	37.3649
ITA	Mid 2010s	family type: single adult	Middle	57.988
ITA	Mid 2010s	family type: single adult	Upper	4.64719
ITA	Mid 2010s	family type: single parent	Lower	46.963
ITA	Mid 2010s	family type: single parent	Middle	48.0014
ITA	Mid 2010s	family type: single parent	Upper	5.03563
JPN	Mid 2010s	age: 0-17	Lower	29.52
JPN	Mid 2010s	age: 0-17	Middle	66.76
JPN	Mid 2010s	age: 0-17	Upper	3.71
JPN	Mid 2010s	age: 18-29	Lower	25.99
JPN	Mid 2010s	age: 18-29	Middle	65.05
JPN	Mid 2010s	age: 18-29	Upper	8.96
JPN	Mid 2010s	age: 30-44	Lower	25.27
JPN	Mid 2010s	age: 30-44	Middle	68.81
JPN	Mid 2010s	age: 30-44	Upper	5.91
JPN	Mid 2010s	age: 45-64	Lower	23.6
JPN	Mid 2010s	age: 45-64	Middle	64.49
JPN	Mid 2010s	age: 45-64	Upper	11.91
JPN	Mid 2010s	age: 65 or older	Lower	32.34
JPN	Mid 2010s	age: 65 or older	Middle	61.81
JPN	Mid 2010s	age: 65 or older	Upper	5.85
KOR	Mid 2010s	age: 0-17	Lower	26.5543
KOR	Mid 2010s	age: 0-17	Middle	67.0172
KOR	Mid 2010s	age: 0-17	Upper	6.42851
KOR	Mid 2010s	age: 18-29	Lower	21.9372
KOR	Mid 2010s	age: 18-29	Middle	67.259
KOR	Mid 2010s	age: 18-29	Upper	10.8038
KOR	Mid 2010s	age: 30-44	Lower	23.1866
KOR	Mid 2010s	age: 30-44	Middle	69.4529
KOR	Mid 2010s	age: 30-44	Upper	7.36058
KOR	Mid 2010s	age: 45-64	Lower	27.7686
KOR	Mid 2010s	age: 45-64	Middle	61.4634
KOR	Mid 2010s	age: 45-64	Upper	10.768
KOR	Mid 2010s	age: 65 or older	Lower	66.3232
KOR	Mid 2010s	age: 65 or older	Middle	29.8303
KOR	Mid 2010s	age: 65 or older	Upper	3.8465
KOR	Mid 2010s	education: less than upper secondary	Lower	54.8011
KOR	Mid 2010s	education: less than upper secondary	Middle	41.9417
KOR	Mid 2010s	education: less than upper secondary	Upper	3.25716
KOR	Mid 2010s	education: tertiary	Lower	16.5648
KOR	Mid 2010s	education: tertiary	Middle	69.1348
KOR	Mid 2010s	education: tertiary	Upper	14.3004
KOR	Mid 2010s	education: upper secondary	Lower	29.5704
KOR	Mid 2010s	education: upper secondary	Middle	63.228
KOR	Mid 2010s	education: upper secondary	Upper	7.2016
KOR	Mid 2010s	family type: couple with children	Lower	21.3332
KOR	Mid 2010s	family type: couple with children	Middle	69.7776
KOR	Mid 2010s	family type: couple with children	Upper	8.88918
KOR	Mid 2010s	family type: couple with no children	Lower	50.4822
KOR	Mid 2010s	family type: couple with no children	Middle	42.0386
KOR	Mid 2010s	family type: couple with no children	Upper	7.47914
KOR	Mid 2010s	family type: single adult	Lower	65.1786
KOR	Mid 2010s	family type: single adult	Middle	30.4557
KOR	Mid 2010s	family type: single adult	Upper	4.36574
KOR	Mid 2010s	family type: single parent	Lower	38.125
KOR	Mid 2010s	family type: single parent	Middle	55.8819
KOR	Mid 2010s	family type: single parent	Upper	5.99317
LTU	Mid 2010s	age: 0-17	Lower	37.5682
LTU	Mid 2010s	age: 0-17	Middle	51.2037
LTU	Mid 2010s	age: 0-17	Upper	11.228
LTU	Mid 2010s	age: 18-29	Lower	29.3385
LTU	Mid 2010s	age: 18-29	Middle	54.1108
LTU	Mid 2010s	age: 18-29	Upper	16.5507
LTU	Mid 2010s	age: 30-44	Lower	26.142
LTU	Mid 2010s	age: 30-44	Middle	56.3227
LTU	Mid 2010s	age: 30-44	Upper	17.5353
LTU	Mid 2010s	age: 45-64	Lower	28.175
LTU	Mid 2010s	age: 45-64	Middle	56.9466
LTU	Mid 2010s	age: 45-64	Upper	14.8784
LTU	Mid 2010s	age: 65 or older	Lower	54.1706
LTU	Mid 2010s	age: 65 or older	Middle	39.9422
LTU	Mid 2010s	age: 65 or older	Upper	5.88719
LTU	Mid 2010s	education: less than upper secondary	Lower	62.7437
LTU	Mid 2010s	education: less than upper secondary	Middle	34.1565
LTU	Mid 2010s	education: less than upper secondary	Upper	3.09986
LTU	Mid 2010s	education: tertiary	Lower	13.6814
LTU	Mid 2010s	education: tertiary	Middle	57.7723
LTU	Mid 2010s	education: tertiary	Upper	28.5463
LTU	Mid 2010s	education: upper secondary	Lower	38.499
LTU	Mid 2010s	education: upper secondary	Middle	53.5487
LTU	Mid 2010s	education: upper secondary	Upper	7.9523
LTU	Mid 2010s	family type: couple with children	Lower	27.2623
LTU	Mid 2010s	family type: couple with children	Middle	58.8134
LTU	Mid 2010s	family type: couple with children	Upper	13.9243
LTU	Mid 2010s	family type: couple with no children	Lower	23.2025
LTU	Mid 2010s	family type: couple with no children	Middle	59.8177
LTU	Mid 2010s	family type: couple with no children	Upper	16.9798
LTU	Mid 2010s	family type: single adult	Lower	64.7791
LTU	Mid 2010s	family type: single adult	Middle	28.654
LTU	Mid 2010s	family type: single adult	Upper	6.56697
LTU	Mid 2010s	family type: single parent	Lower	74.8713
LTU	Mid 2010s	family type: single parent	Middle	22.8366
LTU	Mid 2010s	family type: single parent	Upper	2.29215
LUX	Mid 2010s	age: 0-17	Lower	39.782
LUX	Mid 2010s	age: 0-17	Middle	56.0091
LUX	Mid 2010s	age: 0-17	Upper	4.20886
LUX	Mid 2010s	age: 18-29	Lower	27.2043
LUX	Mid 2010s	age: 18-29	Middle	65.8011
LUX	Mid 2010s	age: 18-29	Upper	6.99464
LUX	Mid 2010s	age: 30-44	Lower	28.4491
LUX	Mid 2010s	age: 30-44	Middle	63.8179
LUX	Mid 2010s	age: 30-44	Upper	7.73305
LUX	Mid 2010s	age: 45-64	Lower	24.5597
LUX	Mid 2010s	age: 45-64	Middle	65.8827
LUX	Mid 2010s	age: 45-64	Upper	9.55754
LUX	Mid 2010s	age: 65 or older	Lower	16.011
LUX	Mid 2010s	age: 65 or older	Middle	74.7915
LUX	Mid 2010s	age: 65 or older	Upper	9.19757
LUX	Mid 2010s	education: less than upper secondary	Lower	37.9585
LUX	Mid 2010s	education: less than upper secondary	Middle	60.0259
LUX	Mid 2010s	education: less than upper secondary	Upper	2.01565
LUX	Mid 2010s	education: tertiary	Lower	10.5614
LUX	Mid 2010s	education: tertiary	Middle	68.3612
LUX	Mid 2010s	education: tertiary	Upper	21.0774
LUX	Mid 2010s	education: upper secondary	Lower	20.5666
LUX	Mid 2010s	education: upper secondary	Middle	73.1001
LUX	Mid 2010s	education: upper secondary	Upper	6.33334
LUX	Mid 2010s	family type: couple with children	Lower	28.2453
LUX	Mid 2010s	family type: couple with children	Middle	65.0135
LUX	Mid 2010s	family type: couple with children	Upper	6.74116
LUX	Mid 2010s	family type: couple with no children	Lower	15.0943
LUX	Mid 2010s	family type: couple with no children	Middle	71.5588
LUX	Mid 2010s	family type: couple with no children	Upper	13.347
LUX	Mid 2010s	family type: single adult	Lower	31.6986
LUX	Mid 2010s	family type: single adult	Middle	61.3093
LUX	Mid 2010s	family type: single adult	Upper	6.99206
LUX	Mid 2010s	family type: single parent	Lower	46.0487
LUX	Mid 2010s	family type: single parent	Middle	51.8508
LUX	Mid 2010s	family type: single parent	Upper	2.10047
LVA	Mid 2010s	age: 0-17	Lower	29.2329
LVA	Mid 2010s	age: 0-17	Middle	59.8106
LVA	Mid 2010s	age: 0-17	Upper	10.9565
LVA	Mid 2010s	age: 18-29	Lower	20.9983
LVA	Mid 2010s	age: 18-29	Middle	62.9739
LVA	Mid 2010s	age: 18-29	Upper	16.0278
LVA	Mid 2010s	age: 30-44	Lower	24.55
LVA	Mid 2010s	age: 30-44	Middle	59.066
LVA	Mid 2010s	age: 30-44	Upper	16.384
LVA	Mid 2010s	age: 45-64	Lower	30.6039
LVA	Mid 2010s	age: 45-64	Middle	57.42
LVA	Mid 2010s	age: 45-64	Upper	11.9761
LVA	Mid 2010s	age: 65 or older	Lower	60.3206
LVA	Mid 2010s	age: 65 or older	Middle	34.0362
LVA	Mid 2010s	age: 65 or older	Upper	5.64328
LVA	Mid 2010s	education: less than upper secondary	Lower	56.863
LVA	Mid 2010s	education: less than upper secondary	Middle	39.8349
LVA	Mid 2010s	education: less than upper secondary	Upper	3.30211
LVA	Mid 2010s	education: tertiary	Lower	17.9705
LVA	Mid 2010s	education: tertiary	Middle	57.583
LVA	Mid 2010s	education: tertiary	Upper	24.4465
LVA	Mid 2010s	education: upper secondary	Lower	37.5423
LVA	Mid 2010s	education: upper secondary	Middle	54.1666
LVA	Mid 2010s	education: upper secondary	Upper	8.29107
LVA	Mid 2010s	family type: couple with children	Lower	23.5494
LVA	Mid 2010s	family type: couple with children	Middle	63.4776
LVA	Mid 2010s	family type: couple with children	Upper	12.9731
LVA	Mid 2010s	family type: couple with no children	Lower	28.9131
LVA	Mid 2010s	family type: couple with no children	Middle	56.6445
LVA	Mid 2010s	family type: couple with no children	Upper	14.4424
LVA	Mid 2010s	family type: single adult	Lower	69.9103
LVA	Mid 2010s	family type: single adult	Middle	25.4593
LVA	Mid 2010s	family type: single adult	Upper	4.63039
LVA	Mid 2010s	family type: single parent	Lower	57.9477
LVA	Mid 2010s	family type: single parent	Middle	39.3542
LVA	Mid 2010s	family type: single parent	Upper	2.6981
MEX	Mid 2010s	age: 0-17	Lower	43.5753
MEX	Mid 2010s	age: 0-17	Middle	43.7115
MEX	Mid 2010s	age: 0-17	Upper	12.7133
MEX	Mid 2010s	age: 18-29	Lower	29.8069
MEX	Mid 2010s	age: 18-29	Middle	47.2874
MEX	Mid 2010s	age: 18-29	Upper	22.9057
MEX	Mid 2010s	age: 30-44	Lower	34.0765
MEX	Mid 2010s	age: 30-44	Middle	45.808
MEX	Mid 2010s	age: 30-44	Upper	20.1155
MEX	Mid 2010s	age: 45-64	Lower	28.4649
MEX	Mid 2010s	age: 45-64	Middle	44.8532
MEX	Mid 2010s	age: 45-64	Upper	26.6819
MEX	Mid 2010s	age: 65 or older	Lower	41.2271
MEX	Mid 2010s	age: 65 or older	Middle	40.9593
MEX	Mid 2010s	age: 65 or older	Upper	17.8137
MEX	Mid 2010s	education: less than upper secondary	Lower	41.2379
MEX	Mid 2010s	education: less than upper secondary	Middle	46.9955
MEX	Mid 2010s	education: less than upper secondary	Upper	11.7665
MEX	Mid 2010s	education: tertiary	Lower	5.83134
MEX	Mid 2010s	education: tertiary	Middle	30.1363
MEX	Mid 2010s	education: tertiary	Upper	64.0324
MEX	Mid 2010s	education: upper secondary	Lower	16.2761
MEX	Mid 2010s	education: upper secondary	Middle	49.5852
MEX	Mid 2010s	education: upper secondary	Upper	34.1387
MEX	Mid 2010s	family type: couple with children	Lower	37.2618
MEX	Mid 2010s	family type: couple with children	Middle	44.5217
MEX	Mid 2010s	family type: couple with children	Upper	18.2164
MEX	Mid 2010s	family type: couple with no children	Lower	36.5509
MEX	Mid 2010s	family type: couple with no children	Middle	39.2168
MEX	Mid 2010s	family type: couple with no children	Upper	24.2324
MEX	Mid 2010s	family type: single adult	Lower	31.6942
MEX	Mid 2010s	family type: single adult	Middle	40.6489
MEX	Mid 2010s	family type: single adult	Upper	27.657
MEX	Mid 2010s	family type: single parent	Lower	33.3749
MEX	Mid 2010s	family type: single parent	Middle	49.4794
MEX	Mid 2010s	family type: single parent	Upper	17.1458
NLD	Mid 2010s	age: 0-17	Lower	26.2119
NLD	Mid 2010s	age: 0-17	Middle	69.5353
NLD	Mid 2010s	age: 0-17	Upper	4.25287
NLD	Mid 2010s	age: 18-29	Lower	30.3244
NLD	Mid 2010s	age: 18-29	Middle	65.4845
NLD	Mid 2010s	age: 18-29	Upper	4.19107
NLD	Mid 2010s	age: 30-44	Lower	20.6051
NLD	Mid 2010s	age: 30-44	Middle	72.9038
NLD	Mid 2010s	age: 30-44	Upper	6.49106
NLD	Mid 2010s	age: 45-64	Lower	21.7681
NLD	Mid 2010s	age: 45-64	Middle	69.5005
NLD	Mid 2010s	age: 45-64	Upper	8.73139
NLD	Mid 2010s	age: 65 or older	Lower	27.9116
NLD	Mid 2010s	age: 65 or older	Middle	68.4739
NLD	Mid 2010s	age: 65 or older	Upper	3.61452
NLD	Mid 2010s	education: less than upper secondary	Lower	35.2329
NLD	Mid 2010s	education: less than upper secondary	Middle	62.644
NLD	Mid 2010s	education: less than upper secondary	Upper	2.12316
NLD	Mid 2010s	education: tertiary	Lower	13.8718
NLD	Mid 2010s	education: tertiary	Middle	73.6623
NLD	Mid 2010s	education: tertiary	Upper	12.4659
NLD	Mid 2010s	education: upper secondary	Lower	25.0995
NLD	Mid 2010s	education: upper secondary	Middle	70.7068
NLD	Mid 2010s	education: upper secondary	Upper	4.19373
NLD	Mid 2010s	family type: couple with children	Lower	17.3224
NLD	Mid 2010s	family type: couple with children	Middle	76.5551
NLD	Mid 2010s	family type: couple with children	Upper	6.12259
NLD	Mid 2010s	family type: couple with no children	Lower	18.4132
NLD	Mid 2010s	family type: couple with no children	Middle	72.6362
NLD	Mid 2010s	family type: couple with no children	Upper	8.95058
NLD	Mid 2010s	family type: single adult	Lower	46.2558
NLD	Mid 2010s	family type: single adult	Middle	51.1609
NLD	Mid 2010s	family type: single adult	Upper	2.58325
NLD	Mid 2010s	family type: single parent	Lower	46.1464
NLD	Mid 2010s	family type: single parent	Middle	53.1652
NLD	Mid 2010s	family type: single parent	Upper	0.688366
NOR	Mid 2010s	age: 0-17	Lower	24.6534
NOR	Mid 2010s	age: 0-17	Middle	72.4356
NOR	Mid 2010s	age: 0-17	Upper	2.91103
NOR	Mid 2010s	age: 18-29	Lower	38.2423
NOR	Mid 2010s	age: 18-29	Middle	58.8364
NOR	Mid 2010s	age: 18-29	Upper	2.92134
NOR	Mid 2010s	age: 30-44	Lower	22.6261
NOR	Mid 2010s	age: 30-44	Middle	74.2569
NOR	Mid 2010s	age: 30-44	Upper	3.11693
NOR	Mid 2010s	age: 45-64	Lower	15.1341
NOR	Mid 2010s	age: 45-64	Middle	77.1196
NOR	Mid 2010s	age: 45-64	Upper	7.74632
NOR	Mid 2010s	age: 65 or older	Lower	31.5233
NOR	Mid 2010s	age: 65 or older	Middle	65.8254
NOR	Mid 2010s	age: 65 or older	Upper	2.65125
NOR	Mid 2010s	education: less than upper secondary	Lower	37.1826
NOR	Mid 2010s	education: less than upper secondary	Middle	60.8321
NOR	Mid 2010s	education: less than upper secondary	Upper	1.98523
NOR	Mid 2010s	education: tertiary	Lower	14.5116
NOR	Mid 2010s	education: tertiary	Middle	77.2173
NOR	Mid 2010s	education: tertiary	Upper	8.27114
NOR	Mid 2010s	education: upper secondary	Lower	21.9426
NOR	Mid 2010s	education: upper secondary	Middle	74.5135
NOR	Mid 2010s	education: upper secondary	Upper	3.54399
NOR	Mid 2010s	family type: couple with children	Lower	13.704
NOR	Mid 2010s	family type: couple with children	Middle	81.6013
NOR	Mid 2010s	family type: couple with children	Upper	4.69473
NOR	Mid 2010s	family type: couple with no children	Lower	12.0952
NOR	Mid 2010s	family type: couple with no children	Middle	81.2124
NOR	Mid 2010s	family type: couple with no children	Upper	6.69239
NOR	Mid 2010s	family type: single adult	Lower	55.6049
NOR	Mid 2010s	family type: single adult	Middle	42.853
NOR	Mid 2010s	family type: single adult	Upper	1.54212
NOR	Mid 2010s	family type: single parent	Lower	49.6279
NOR	Mid 2010s	family type: single parent	Middle	49.2101
NOR	Mid 2010s	family type: single parent	Upper	1.16194
POL	Mid 2010s	age: 0-17	Lower	35.9342
POL	Mid 2010s	age: 0-17	Middle	55.3763
POL	Mid 2010s	age: 0-17	Upper	8.68945
POL	Mid 2010s	age: 18-29	Lower	28.779
POL	Mid 2010s	age: 18-29	Middle	61.9115
POL	Mid 2010s	age: 18-29	Upper	9.30958
POL	Mid 2010s	age: 30-44	Lower	26.1083
POL	Mid 2010s	age: 30-44	Middle	61.2231
POL	Mid 2010s	age: 30-44	Upper	12.6686
POL	Mid 2010s	age: 45-64	Lower	28.1182
POL	Mid 2010s	age: 45-64	Middle	62.611
POL	Mid 2010s	age: 45-64	Upper	9.27085
POL	Mid 2010s	age: 65 or older	Lower	27.236
POL	Mid 2010s	age: 65 or older	Middle	67.4246
POL	Mid 2010s	age: 65 or older	Upper	5.33938
POL	Mid 2010s	education: less than upper secondary	Lower	45.8692
POL	Mid 2010s	education: less than upper secondary	Middle	50.8269
POL	Mid 2010s	education: less than upper secondary	Upper	3.30396
POL	Mid 2010s	education: tertiary	Lower	8.25312
POL	Mid 2010s	education: tertiary	Middle	66.7431
POL	Mid 2010s	education: tertiary	Upper	25.0038
POL	Mid 2010s	education: upper secondary	Lower	28.4106
POL	Mid 2010s	education: upper secondary	Middle	65.2428
POL	Mid 2010s	education: upper secondary	Upper	6.34652
POL	Mid 2010s	family type: couple with children	Lower	28.5198
POL	Mid 2010s	family type: couple with children	Middle	61.572
POL	Mid 2010s	family type: couple with children	Upper	9.90813
POL	Mid 2010s	family type: couple with no children	Lower	16.1658
POL	Mid 2010s	family type: couple with no children	Middle	70.5294
POL	Mid 2010s	family type: couple with no children	Upper	13.3048
POL	Mid 2010s	family type: single adult	Lower	41.8829
POL	Mid 2010s	family type: single adult	Middle	52.5111
POL	Mid 2010s	family type: single adult	Upper	5.60604
POL	Mid 2010s	family type: single parent	Lower	49.0569
POL	Mid 2010s	family type: single parent	Middle	47.3677
POL	Mid 2010s	family type: single parent	Upper	3.57539
PRT	Mid 2010s	age: 0-17	Lower	32.1676
PRT	Mid 2010s	age: 0-17	Middle	60.5824
PRT	Mid 2010s	age: 0-17	Upper	7.24995
PRT	Mid 2010s	age: 18-29	Lower	27.2194
PRT	Mid 2010s	age: 18-29	Middle	62.7662
PRT	Mid 2010s	age: 18-29	Upper	10.0144
PRT	Mid 2010s	age: 30-44	Lower	24.6864
PRT	Mid 2010s	age: 30-44	Middle	66.7788
PRT	Mid 2010s	age: 30-44	Upper	8.53481
PRT	Mid 2010s	age: 45-64	Lower	27.8716
PRT	Mid 2010s	age: 45-64	Middle	59.269
PRT	Mid 2010s	age: 45-64	Upper	12.8594
PRT	Mid 2010s	age: 65 or older	Lower	34.585
PRT	Mid 2010s	age: 65 or older	Middle	52.6166
PRT	Mid 2010s	age: 65 or older	Upper	12.7983
PRT	Mid 2010s	education: less than upper secondary	Lower	36.925
PRT	Mid 2010s	education: less than upper secondary	Middle	58.5867
PRT	Mid 2010s	education: less than upper secondary	Upper	4.4883
PRT	Mid 2010s	education: tertiary	Lower	9.18565
PRT	Mid 2010s	education: tertiary	Middle	56.9283
PRT	Mid 2010s	education: tertiary	Upper	33.886
PRT	Mid 2010s	education: upper secondary	Lower	21.4156
PRT	Mid 2010s	education: upper secondary	Middle	66.7926
PRT	Mid 2010s	education: upper secondary	Upper	11.7918
PRT	Mid 2010s	family type: couple with children	Lower	27.7528
PRT	Mid 2010s	family type: couple with children	Middle	64.2928
PRT	Mid 2010s	family type: couple with children	Upper	7.95447
PRT	Mid 2010s	family type: couple with no children	Lower	25.2622
PRT	Mid 2010s	family type: couple with no children	Middle	61.1989
PRT	Mid 2010s	family type: couple with no children	Upper	13.5388
PRT	Mid 2010s	family type: single adult	Lower	46.8954
PRT	Mid 2010s	family type: single adult	Middle	42.988
PRT	Mid 2010s	family type: single adult	Upper	10.1166
PRT	Mid 2010s	family type: single parent	Lower	64.9405
PRT	Mid 2010s	family type: single parent	Middle	33.7794
PRT	Mid 2010s	family type: single parent	Upper	1.28007
RUS	Mid 2010s	age: 0-17	Lower	36.8572
RUS	Mid 2010s	age: 0-17	Middle	51.3561
RUS	Mid 2010s	age: 0-17	Upper	11.7866
RUS	Mid 2010s	age: 18-29	Lower	29.5171
RUS	Mid 2010s	age: 18-29	Middle	53.53
RUS	Mid 2010s	age: 18-29	Upper	16.9529
RUS	Mid 2010s	age: 30-44	Lower	31.2096
RUS	Mid 2010s	age: 30-44	Middle	53.6533
RUS	Mid 2010s	age: 30-44	Upper	15.1372
RUS	Mid 2010s	age: 45-64	Lower	32.0304
RUS	Mid 2010s	age: 45-64	Middle	53.091
RUS	Mid 2010s	age: 45-64	Upper	14.8786
RUS	Mid 2010s	age: 65 or older	Lower	39.5083
RUS	Mid 2010s	age: 65 or older	Middle	53.9331
RUS	Mid 2010s	age: 65 or older	Upper	6.55862
RUS	Mid 2010s	education: less than upper secondary	Lower	40.1169
RUS	Mid 2010s	education: less than upper secondary	Middle	52.3206
RUS	Mid 2010s	education: less than upper secondary	Upper	7.56255
RUS	Mid 2010s	education: tertiary	Lower	27.2973
RUS	Mid 2010s	education: tertiary	Middle	54.5475
RUS	Mid 2010s	education: tertiary	Upper	18.1552
RUS	Mid 2010s	education: upper secondary	Lower	35.7729
RUS	Mid 2010s	education: upper secondary	Middle	52.7807
RUS	Mid 2010s	education: upper secondary	Upper	11.4464
RUS	Mid 2010s	family type: couple with children	Lower	27.2884
RUS	Mid 2010s	family type: couple with children	Middle	55.7463
RUS	Mid 2010s	family type: couple with children	Upper	16.9653
RUS	Mid 2010s	family type: couple with no children	Lower	27.7643
RUS	Mid 2010s	family type: couple with no children	Middle	61.0863
RUS	Mid 2010s	family type: couple with no children	Upper	11.1494
RUS	Mid 2010s	family type: single adult	Lower	59.1954
RUS	Mid 2010s	family type: single adult	Middle	35.98
RUS	Mid 2010s	family type: single adult	Upper	4.82463
RUS	Mid 2010s	family type: single parent	Lower	39.184
RUS	Mid 2010s	family type: single parent	Middle	49.1609
RUS	Mid 2010s	family type: single parent	Upper	11.6551
SVK	Mid 2010s	age: 0-17	Lower	33.6643
SVK	Mid 2010s	age: 0-17	Middle	62.8624
SVK	Mid 2010s	age: 0-17	Upper	3.47334
SVK	Mid 2010s	age: 18-29	Lower	18.6061
SVK	Mid 2010s	age: 18-29	Middle	72.6687
SVK	Mid 2010s	age: 18-29	Upper	8.72521
SVK	Mid 2010s	age: 30-44	Lower	23.5169
SVK	Mid 2010s	age: 30-44	Middle	69.8927
SVK	Mid 2010s	age: 30-44	Upper	6.59045
SVK	Mid 2010s	age: 45-64	Lower	19.7669
SVK	Mid 2010s	age: 45-64	Middle	71.9181
SVK	Mid 2010s	age: 45-64	Upper	8.31504
SVK	Mid 2010s	age: 65 or older	Lower	29.4256
SVK	Mid 2010s	age: 65 or older	Middle	68.8043
SVK	Mid 2010s	age: 65 or older	Upper	1.7701
SVK	Mid 2010s	education: less than upper secondary	Lower	40.919
SVK	Mid 2010s	education: less than upper secondary	Middle	57.0549
SVK	Mid 2010s	education: less than upper secondary	Upper	2.02607
SVK	Mid 2010s	education: tertiary	Lower	10.1551
SVK	Mid 2010s	education: tertiary	Middle	75.511
SVK	Mid 2010s	education: tertiary	Upper	14.3338
SVK	Mid 2010s	education: upper secondary	Lower	22.2969
SVK	Mid 2010s	education: upper secondary	Middle	72.3775
SVK	Mid 2010s	education: upper secondary	Upper	5.32564
SVK	Mid 2010s	family type: couple with children	Lower	21.7115
SVK	Mid 2010s	family type: couple with children	Middle	71.3455
SVK	Mid 2010s	family type: couple with children	Upper	6.94303
SVK	Mid 2010s	family type: couple with no children	Lower	16.0658
SVK	Mid 2010s	family type: couple with no children	Middle	78.2579
SVK	Mid 2010s	family type: couple with no children	Upper	5.67626
SVK	Mid 2010s	family type: single adult	Lower	51.9747
SVK	Mid 2010s	family type: single adult	Middle	46.5252
SVK	Mid 2010s	family type: single adult	Upper	1.50017
SVK	Mid 2010s	family type: single parent	Lower	26.9486
SVK	Mid 2010s	family type: single parent	Middle	67.535
SVK	Mid 2010s	family type: single parent	Upper	5.51646
SVN	Mid 2010s	age: 0-17	Lower	27.9993
SVN	Mid 2010s	age: 0-17	Middle	67.8593
SVN	Mid 2010s	age: 0-17	Upper	4.14146
SVN	Mid 2010s	age: 18-29	Lower	25.7231
SVN	Mid 2010s	age: 18-29	Middle	68.3126
SVN	Mid 2010s	age: 18-29	Upper	5.96436
SVN	Mid 2010s	age: 30-44	Lower	25.8899
SVN	Mid 2010s	age: 30-44	Middle	68.8073
SVN	Mid 2010s	age: 30-44	Upper	5.30279
SVN	Mid 2010s	age: 45-64	Lower	26.2345
SVN	Mid 2010s	age: 45-64	Middle	66.0395
SVN	Mid 2010s	age: 45-64	Upper	7.72597
SVN	Mid 2010s	age: 65 or older	Lower	34.4622
SVN	Mid 2010s	age: 65 or older	Middle	63.0475
SVN	Mid 2010s	age: 65 or older	Upper	2.49034
SVN	Mid 2010s	education: less than upper secondary	Lower	45.5482
SVN	Mid 2010s	education: less than upper secondary	Middle	53.2546
SVN	Mid 2010s	education: less than upper secondary	Upper	1.19716
SVN	Mid 2010s	education: tertiary	Lower	12.6109
SVN	Mid 2010s	education: tertiary	Middle	71.1335
SVN	Mid 2010s	education: tertiary	Upper	16.2556
SVN	Mid 2010s	education: upper secondary	Lower	27.3237
SVN	Mid 2010s	education: upper secondary	Middle	69.4202
SVN	Mid 2010s	education: upper secondary	Upper	3.25607
SVN	Mid 2010s	family type: couple with children	Lower	20.3051
SVN	Mid 2010s	family type: couple with children	Middle	72.8478
SVN	Mid 2010s	family type: couple with children	Upper	6.84705
SVN	Mid 2010s	family type: couple with no children	Lower	23.9171
SVN	Mid 2010s	family type: couple with no children	Middle	71.0775
SVN	Mid 2010s	family type: couple with no children	Upper	5.0054
SVN	Mid 2010s	family type: single adult	Lower	64.5818
SVN	Mid 2010s	family type: single adult	Middle	33.5576
SVN	Mid 2010s	family type: single adult	Upper	1.86057
SVN	Mid 2010s	family type: single parent	Lower	37.9316
SVN	Mid 2010s	family type: single parent	Middle	59.3713
SVN	Mid 2010s	family type: single parent	Upper	2.69715
SWE	Mid 2010s	age: 0-17	Lower	32.353
SWE	Mid 2010s	age: 0-17	Middle	64.6283
SWE	Mid 2010s	age: 0-17	Upper	3.01875
SWE	Mid 2010s	age: 18-29	Lower	35.0877
SWE	Mid 2010s	age: 18-29	Middle	61.919
SWE	Mid 2010s	age: 18-29	Upper	2.99335
SWE	Mid 2010s	age: 30-44	Lower	24.4372
SWE	Mid 2010s	age: 30-44	Middle	72.0121
SWE	Mid 2010s	age: 30-44	Upper	3.55065
SWE	Mid 2010s	age: 45-64	Lower	19.9156
SWE	Mid 2010s	age: 45-64	Middle	69.3588
SWE	Mid 2010s	age: 45-64	Upper	10.7255
SWE	Mid 2010s	age: 65 or older	Lower	40.5472
SWE	Mid 2010s	age: 65 or older	Middle	56.347
SWE	Mid 2010s	age: 65 or older	Upper	3.10577
SWE	Mid 2010s	education: less than upper secondary	Lower	47.8196
SWE	Mid 2010s	education: less than upper secondary	Middle	50.1309
SWE	Mid 2010s	education: less than upper secondary	Upper	2.04949
SWE	Mid 2010s	education: tertiary	Lower	20.0159
SWE	Mid 2010s	education: tertiary	Middle	71.2049
SWE	Mid 2010s	education: tertiary	Upper	8.77919
SWE	Mid 2010s	education: upper secondary	Lower	24.1687
SWE	Mid 2010s	education: upper secondary	Middle	70.479
SWE	Mid 2010s	education: upper secondary	Upper	5.35229
SWE	Mid 2010s	family type: couple with children	Lower	24.2167
SWE	Mid 2010s	family type: couple with children	Middle	71.7012
SWE	Mid 2010s	family type: couple with children	Upper	4.08209
SWE	Mid 2010s	family type: couple with no children	Lower	15.4605
SWE	Mid 2010s	family type: couple with no children	Middle	75.3254
SWE	Mid 2010s	family type: couple with no children	Upper	9.21404
SWE	Mid 2010s	family type: single adult	Lower	55.8991
SWE	Mid 2010s	family type: single adult	Middle	43.1513
SWE	Mid 2010s	family type: single adult	Upper	0.949557
SWE	Mid 2010s	family type: single parent	Lower	65.9475
SWE	Mid 2010s	family type: single parent	Middle	34.0525
USA	Mid 2010s	age: 0-17	Lower	41.349
USA	Mid 2010s	age: 0-17	Middle	48.9131
USA	Mid 2010s	age: 0-17	Upper	9.73791
USA	Mid 2010s	age: 18-29	Lower	37.8004
USA	Mid 2010s	age: 18-29	Middle	50.8886
USA	Mid 2010s	age: 18-29	Upper	11.311
USA	Mid 2010s	age: 30-44	Lower	31.3501
USA	Mid 2010s	age: 30-44	Middle	54.3602
USA	Mid 2010s	age: 30-44	Upper	14.2897
USA	Mid 2010s	age: 45-64	Lower	27.9459
USA	Mid 2010s	age: 45-64	Middle	52.0374
USA	Mid 2010s	age: 45-64	Upper	20.0167
USA	Mid 2010s	age: 65 or older	Lower	39.2942
USA	Mid 2010s	age: 65 or older	Middle	48.0365
USA	Mid 2010s	age: 65 or older	Upper	12.6694
USA	Mid 2010s	education: less than upper secondary	Lower	62.3631
USA	Mid 2010s	education: less than upper secondary	Middle	34.5809
USA	Mid 2010s	education: less than upper secondary	Upper	3.05599
USA	Mid 2010s	education: tertiary	Lower	17.6971
USA	Mid 2010s	education: tertiary	Middle	54.9911
USA	Mid 2010s	education: tertiary	Upper	27.3118
USA	Mid 2010s	education: upper secondary	Lower	37.949
USA	Mid 2010s	education: upper secondary	Middle	53.1892
USA	Mid 2010s	education: upper secondary	Upper	8.86181
USA	Mid 2010s	family type: couple with children	Lower	28.0068
USA	Mid 2010s	family type: couple with children	Middle	56.7761
USA	Mid 2010s	family type: couple with children	Upper	15.2172
USA	Mid 2010s	family type: couple with no children	Lower	23.7743
USA	Mid 2010s	family type: couple with no children	Middle	54.8359
USA	Mid 2010s	family type: couple with no children	Upper	21.3899
USA	Mid 2010s	family type: single adult	Lower	50.7461
USA	Mid 2010s	family type: single adult	Middle	40.4201
USA	Mid 2010s	family type: single adult	Upper	8.83384
USA	Mid 2010s	family type: single parent	Lower	61.4809
USA	Mid 2010s	family type: single parent	Middle	34.8945
USA	Mid 2010s	family type: single parent	Upper	3.62466
ZAF	Mid 2010s	age: 0-17	Lower	47.3429
ZAF	Mid 2010s	age: 0-17	Middle	31.441
ZAF	Mid 2010s	age: 0-17	Upper	21.2161
ZAF	Mid 2010s	age: 18-29	Lower	39.3758
ZAF	Mid 2010s	age: 18-29	Middle	35.7273
ZAF	Mid 2010s	age: 18-29	Upper	24.8969
ZAF	Mid 2010s	age: 30-44	Lower	30.707
ZAF	Mid 2010s	age: 30-44	Middle	33.9999
ZAF	Mid 2010s	age: 30-44	Upper	35.2931
ZAF	Mid 2010s	age: 45-64	Lower	31.7413
ZAF	Mid 2010s	age: 45-64	Middle	31.4838
ZAF	Mid 2010s	age: 45-64	Upper	36.7749
ZAF	Mid 2010s	age: 65 or older	Lower	29.9289
ZAF	Mid 2010s	age: 65 or older	Middle	41.9427
ZAF	Mid 2010s	age: 65 or older	Upper	28.1284
ZAF	Mid 2010s	education: less than upper secondary	Lower	42.6734
ZAF	Mid 2010s	education: less than upper secondary	Middle	39.4286
ZAF	Mid 2010s	education: less than upper secondary	Upper	17.898
ZAF	Mid 2010s	education: tertiary	Lower	4.66058
ZAF	Mid 2010s	education: tertiary	Middle	4.8572
ZAF	Mid 2010s	education: tertiary	Upper	90.4822
ZAF	Mid 2010s	education: upper secondary	Lower	20.1616
ZAF	Mid 2010s	education: upper secondary	Middle	28.938
ZAF	Mid 2010s	education: upper secondary	Upper	50.9004
ZAF	Mid 2010s	family type: couple with children	Lower	27.2312
ZAF	Mid 2010s	family type: couple with children	Middle	32.612
ZAF	Mid 2010s	family type: couple with children	Upper	40.1568
ZAF	Mid 2010s	family type: couple with no children	Lower	24.1993
ZAF	Mid 2010s	family type: couple with no children	Middle	38.4922
ZAF	Mid 2010s	family type: couple with no children	Upper	37.3085
ZAF	Mid 2010s	family type: single adult	Lower	23.8615
ZAF	Mid 2010s	family type: single adult	Middle	34.6054
ZAF	Mid 2010s	family type: single adult	Upper	41.5332
ZAF	Mid 2010s	family type: single parent	Lower	51.9365
ZAF	Mid 2010s	family type: single parent	Middle	33.841
ZAF	Mid 2010s	family type: single parent	Upper	14.2225
AUS	Mid 2010s	Median income	..	47601.3
AUT	Mid 2010s	Median income	..	27476.6
BEL	Mid 2010s	Median income	..	25726.3
BRA	Mid 2010s	Median income	..	17151.4
CAN	Mid 2010s	Median income	..	43494.9
CHE	Mid 2010s	Median income	..	51627.3
CHL	Mid 2010s	Median income	..	3.90E+06
CHN	Mid 2010s	Median income	..	28509.3
CZE	Mid 2010s	Median income	..	229486
DEU	Mid 2010s	Median income	..	22616.7
DNK	Mid 2010s	Median income	..	241647
ESP	Mid 2010s	Median income	..	15192.8
EST	Mid 2010s	Median income	..	8090.14
FIN	Mid 2010s	Median income	..	26158.4
FRA	Mid 2010s	Median income	..	23672.7
GBR	Mid 2010s	Median income	..	19352.1
GRC	Mid 2010s	Median income	..	8391.61
HUN	Mid 2010s	Median income	..	2.00E+06
IND	Mid 2010s	Median income	..	52532
IRL	Mid 2010s	Median income	..	25439.1
ISL	Mid 2010s	Median income	..	4.20E+06
ISR	Mid 2010s	Median income	..	87249.9
ITA	Mid 2010s	Median income	..	14652.4
JPN	Mid 2010s	Median income	..	2.80E+06
KOR	Mid 2010s	Median income	..	2.20E+07
LTU	Mid 2010s	Median income	..	7215.58
LUX	Mid 2010s	Median income	..	39060.9
LVA	Mid 2010s	Median income	..	7901.82
MEX	Mid 2010s	Median income	..	60484.4
NLD	Mid 2010s	Median income	..	23628.2
NOR	Mid 2010s	Median income	..	404706
POL	Mid 2010s	Median income	..	28796.6
PRT	Mid 2010s	Median income	..	10142.7
RUS	Mid 2010s	Median income	..	317327
SVK	Mid 2010s	Median income	..	8032.79
SVN	Mid 2010s	Median income	..	13486.2
SWE	Mid 2010s	Median income	..	260046
TUR	Mid 2010s	Median income	..	21815.2
USA	Mid 2010s	Median income	..	35953.2
ZAF	Mid 2010s	Median income	..	26394.7
AUS	Mid 2010s	Median income in 2010 PPPs	Middle	26048.7
AUT	Mid 2010s	Median income in 2010 PPPs	Middle	27576.4
BEL	Mid 2010s	Median income in 2010 PPPs	Middle	24914.4
BRA	Mid 2010s	Median income in 2010 PPPs	Middle	6623.43
CAN	Mid 2010s	Median income in 2010 PPPs	Middle	29319.4
CHE	Mid 2010s	Median income in 2010 PPPs	Middle	32885.6
CHL	Mid 2010s	Median income in 2010 PPPs	Middle	8193.51
CHN	Mid 2010s	Median income in 2010 PPPs	Middle	6483.32
CZE	Mid 2010s	Median income in 2010 PPPs	Middle	13666.4
DEU	Mid 2010s	Median income in 2010 PPPs	Middle	23814.1
DNK	Mid 2010s	Median income in 2010 PPPs	Middle	26312.9
ESP	Mid 2010s	Median income in 2010 PPPs	Middle	17214.1
EST	Mid 2010s	Median income in 2010 PPPs	Middle	11544.3
FIN	Mid 2010s	Median income in 2010 PPPs	Middle	24028.6
FRA	Mid 2010s	Median income in 2010 PPPs	Middle	24230.9
GBR	Mid 2010s	Median income in 2010 PPPs	Middle	21141.3
GRC	Mid 2010s	Median income in 2010 PPPs	Middle	10525.1
HUN	Mid 2010s	Median income in 2010 PPPs	Middle	11609.5
IND	Mid 2010s	Median income in 2010 PPPs	Middle	2208.61
IRL	Mid 2010s	Median income in 2010 PPPs	Middle	24939.2
ISL	Mid 2010s	Median income in 2010 PPPs	Middle	23659.8
ISR	Mid 2010s	Median income in 2010 PPPs	Middle	18678
ITA	Mid 2010s	Median income in 2010 PPPs	Middle	16274.4
JPN	Mid 2010s	Median income in 2010 PPPs	Middle	22003.2
KOR	Mid 2010s	Median income in 2010 PPPs	Middle	20870.5
LTU	Mid 2010s	Median income in 2010 PPPs	Middle	12076.8
LUX	Mid 2010s	Median income in 2010 PPPs	Middle	35310
LVA	Mid 2010s	Median income in 2010 PPPs	Middle	12279.3
MEX	Mid 2010s	Median income in 2010 PPPs	Middle	5009.62
NLD	Mid 2010s	Median income in 2010 PPPs	Middle	23741.4
NOR	Mid 2010s	Median income in 2010 PPPs	Middle	35205.6
POL	Mid 2010s	Median income in 2010 PPPs	Middle	13229.2
PRT	Mid 2010s	Median income in 2010 PPPs	Middle	13139.1
RUS	Mid 2010s	Median income in 2010 PPPs	Middle	10976.6
SVK	Mid 2010s	Median income in 2010 PPPs	Middle	12586
SVN	Mid 2010s	Median income in 2010 PPPs	Middle	17665.7
SWE	Mid 2010s	Median income in 2010 PPPs	Middle	26178.7
TUR	Mid 2010s	Median income in 2010 PPPs	Middle	9620.66
USA	Mid 2010s	Median income in 2010 PPPs	Middle	31221
ZAF	Mid 2010s	Median income in 2010 PPPs	Middle	3473.32
AUS	Mid 2010s	PPPs 2010	Middle	1.55243
AUT	Mid 2010s	PPPs 2010	Middle	0.856896
BEL	Mid 2010s	PPPs 2010	Middle	0.894392
BRA	Mid 2010s	PPPs 2010	Middle	1.60466
CAN	Mid 2010s	PPPs 2010	Middle	1.29534
CHE	Mid 2010s	PPPs 2010	Middle	1.58277
CHL	Mid 2010s	PPPs 2010	Middle	371.363
CHN	Mid 2010s	PPPs 2010	Middle	3.61745
CZE	Mid 2010s	PPPs 2010	Middle	14.8273
DEU	Mid 2010s	PPPs 2010	Middle	0.852586
DNK	Mid 2010s	PPPs 2010	Middle	8.38554
ESP	Mid 2010s	PPPs 2010	Middle	0.800959
EST	Mid 2010s	PPPs 2010	Middle	0.586817
FIN	Mid 2010s	PPPs 2010	Middle	0.979052
FRA	Mid 2010s	PPPs 2010	Middle	0.897594
GBR	Mid 2010s	PPPs 2010	Middle	0.778066
GRC	Mid 2010s	PPPs 2010	Middle	0.784026
HUN	Mid 2010s	PPPs 2010	Middle	143.05
IND	Mid 2010s	PPPs 2010	Middle	14.1909
IRL	Mid 2010s	PPPs 2010	Middle	0.966017
ISL	Mid 2010s	PPPs 2010	Middle	141.366
ISR	Mid 2010s	PPPs 2010	Middle	4.35532
ITA	Mid 2010s	PPPs 2010	Middle	0.818847
JPN	Mid 2010s	PPPs 2010	Middle	121.03
KOR	Mid 2010s	PPPs 2010	Middle	907.319
LTU	Mid 2010s	PPPs 2010	Middle	0.516482
LUX	Mid 2010s	PPPs 2010	Middle	0.97796
LVA	Mid 2010s	PPPs 2010	Middle	0.566162
MEX	Mid 2010s	PPPs 2010	Middle	8.84019
NLD	Mid 2010s	PPPs 2010	Middle	0.881239
NOR	Mid 2010s	PPPs 2010	Middle	9.7653
POL	Mid 2010s	PPPs 2010	Middle	1.95005
PRT	Mid 2010s	PPPs 2010	Middle	0.700171
RUS	Mid 2010s	PPPs 2010	Middle	16.7095
SVK	Mid 2010s	PPPs 2010	Middle	0.568099
SVN	Mid 2010s	PPPs 2010	Middle	0.698651
SWE	Mid 2010s	PPPs 2010	Middle	9.14922
TUR	Mid 2010s	PPPs 2010	Middle	1.11505
USA	Mid 2010s	PPPs 2010	Middle	1
ZAF	Mid 2010s	PPPs 2010	Middle	4.97879
AUS	Mid 2010s	Middle class lower threshold	..	35701
AUT	Mid 2010s	Middle class lower threshold	..	20607.4
BEL	Mid 2010s	Middle class lower threshold	..	19294.8
BRA	Mid 2010s	Middle class lower threshold	..	12863.5
CAN	Mid 2010s	Middle class lower threshold	..	32621.2
CHE	Mid 2010s	Middle class lower threshold	..	38720.5
CHL	Mid 2010s	Middle class lower threshold	..	2.90E+06
CHN	Mid 2010s	Middle class lower threshold	..	21382
CZE	Mid 2010s	Middle class lower threshold	..	172115
DEU	Mid 2010s	Middle class lower threshold	..	16962.5
DNK	Mid 2010s	Middle class lower threshold	..	181235
ESP	Mid 2010s	Middle class lower threshold	..	11394.6
EST	Mid 2010s	Middle class lower threshold	..	6067.6
FIN	Mid 2010s	Middle class lower threshold	..	19618.8
FRA	Mid 2010s	Middle class lower threshold	..	17754.5
GBR	Mid 2010s	Middle class lower threshold	..	14514.1
GRC	Mid 2010s	Middle class lower threshold	..	6293.71
HUN	Mid 2010s	Middle class lower threshold	..	1.50E+06
IND	Mid 2010s	Middle class lower threshold	..	39399
IRL	Mid 2010s	Middle class lower threshold	..	19079.3
ISL	Mid 2010s	Middle class lower threshold	..	3.10E+06
ISR	Mid 2010s	Middle class lower threshold	..	65437.4
ITA	Mid 2010s	Middle class lower threshold	..	10989.3
JPN	Mid 2010s	Middle class lower threshold	..	2.10E+06
KOR	Mid 2010s	Middle class lower threshold	..	1.60E+07
LTU	Mid 2010s	Middle class lower threshold	..	5411.68
LUX	Mid 2010s	Middle class lower threshold	..	29295.6
LVA	Mid 2010s	Middle class lower threshold	..	5926.37
MEX	Mid 2010s	Middle class lower threshold	..	45363.3
NLD	Mid 2010s	Middle class lower threshold	..	17721.2
NOR	Mid 2010s	Middle class lower threshold	..	303530
POL	Mid 2010s	Middle class lower threshold	..	21597.4
PRT	Mid 2010s	Middle class lower threshold	..	7607.04
RUS	Mid 2010s	Middle class lower threshold	..	237995
SVK	Mid 2010s	Middle class lower threshold	..	6024.6
SVN	Mid 2010s	Middle class lower threshold	..	10114.7
SWE	Mid 2010s	Middle class lower threshold	..	195035
TUR	Mid 2010s	Middle class lower threshold	..	16361.4
USA	Mid 2010s	Middle class lower threshold	..	26964.9
ZAF	Mid 2010s	Middle class lower threshold	..	19796
AUS	Mid 2010s	Middle class upper threshold	..	95202.7
AUT	Mid 2010s	Middle class upper threshold	..	54953.2
BEL	Mid 2010s	Middle class upper threshold	..	51452.7
BRA	Mid 2010s	Middle class upper threshold	..	34302.7
CAN	Mid 2010s	Middle class upper threshold	..	86989.9
CHE	Mid 2010s	Middle class upper threshold	..	103255
CHL	Mid 2010s	Middle class upper threshold	..	7.80E+06
CHN	Mid 2010s	Middle class upper threshold	..	57018.7
CZE	Mid 2010s	Middle class upper threshold	..	458972
DEU	Mid 2010s	Middle class upper threshold	..	45233.4
DNK	Mid 2010s	Middle class upper threshold	..	483294
ESP	Mid 2010s	Middle class upper threshold	..	30385.7
EST	Mid 2010s	Middle class upper threshold	..	16180.3
FIN	Mid 2010s	Middle class upper threshold	..	52316.8
FRA	Mid 2010s	Middle class upper threshold	..	47345.4
GBR	Mid 2010s	Middle class upper threshold	..	38704.2
GRC	Mid 2010s	Middle class upper threshold	..	16783.2
HUN	Mid 2010s	Middle class upper threshold	..	3.90E+06
IND	Mid 2010s	Middle class upper threshold	..	105064
IRL	Mid 2010s	Middle class upper threshold	..	50878.2
ISL	Mid 2010s	Middle class upper threshold	..	8.40E+06
ISR	Mid 2010s	Middle class upper threshold	..	174500
ITA	Mid 2010s	Middle class upper threshold	..	29304.8
JPN	Mid 2010s	Middle class upper threshold	..	5.60E+06
KOR	Mid 2010s	Middle class upper threshold	..	4.30E+07
LTU	Mid 2010s	Middle class upper threshold	..	14431.2
LUX	Mid 2010s	Middle class upper threshold	..	78121.7
LVA	Mid 2010s	Middle class upper threshold	..	15803.6
MEX	Mid 2010s	Middle class upper threshold	..	120969
NLD	Mid 2010s	Middle class upper threshold	..	47256.5
NOR	Mid 2010s	Middle class upper threshold	..	809413
POL	Mid 2010s	Middle class upper threshold	..	57593.1
PRT	Mid 2010s	Middle class upper threshold	..	20285.4
RUS	Mid 2010s	Middle class upper threshold	..	634654
SVK	Mid 2010s	Middle class upper threshold	..	16065.6
SVN	Mid 2010s	Middle class upper threshold	..	26972.4
SWE	Mid 2010s	Middle class upper threshold	..	520093
TUR	Mid 2010s	Middle class upper threshold	..	43630.4
USA	Mid 2010s	Middle class upper threshold	..	71906.5
ZAF	Mid 2010s	Middle class upper threshold	..	52789.4
AUS	Mid 2010s	Poverty line in national currency	Middle	23800.7
AUT	Mid 2010s	Poverty line in national currency	Middle	13738.3
BEL	Mid 2010s	Poverty line in national currency	Middle	12863.2
BRA	Mid 2010s	Poverty line in national currency	Middle	8575.68
CAN	Mid 2010s	Poverty line in national currency	Middle	21747.5
CHE	Mid 2010s	Poverty line in national currency	Middle	25813.6
CHL	Mid 2010s	Poverty line in national currency	Middle	2.00E+06
CHN	Mid 2010s	Poverty line in national currency	Middle	14254.7
CZE	Mid 2010s	Poverty line in national currency	Middle	114743
DEU	Mid 2010s	Poverty line in national currency	Middle	11308.3
DNK	Mid 2010s	Poverty line in national currency	Middle	120823
ESP	Mid 2010s	Poverty line in national currency	Middle	7596.42
EST	Mid 2010s	Poverty line in national currency	Middle	4045.07
FIN	Mid 2010s	Poverty line in national currency	Middle	13079.2
FRA	Mid 2010s	Poverty line in national currency	Middle	11836.3
GBR	Mid 2010s	Poverty line in national currency	Middle	9676.06
GRC	Mid 2010s	Poverty line in national currency	Middle	4195.81
HUN	Mid 2010s	Poverty line in national currency	Middle	977443
IND	Mid 2010s	Poverty line in national currency	Middle	26266
IRL	Mid 2010s	Poverty line in national currency	Middle	12719.6
ISL	Mid 2010s	Poverty line in national currency	Middle	2.10E+06
ISR	Mid 2010s	Poverty line in national currency	Middle	43624.9
ITA	Mid 2010s	Poverty line in national currency	Middle	7326.2
JPN	Mid 2010s	Poverty line in national currency	Middle	1.40E+06
KOR	Mid 2010s	Poverty line in national currency	Middle	1.10E+07
LTU	Mid 2010s	Poverty line in national currency	Middle	3607.79
LUX	Mid 2010s	Poverty line in national currency	Middle	19530.4
LVA	Mid 2010s	Poverty line in national currency	Middle	3950.91
MEX	Mid 2010s	Poverty line in national currency	Middle	30242.2
NLD	Mid 2010s	Poverty line in national currency	Middle	11814.1
NOR	Mid 2010s	Poverty line in national currency	Middle	202353
POL	Mid 2010s	Poverty line in national currency	Middle	14398.3
PRT	Mid 2010s	Poverty line in national currency	Middle	5071.36
RUS	Mid 2010s	Poverty line in national currency	Middle	158663
SVK	Mid 2010s	Poverty line in national currency	Middle	4016.4
SVN	Mid 2010s	Poverty line in national currency	Middle	6743.11
SWE	Mid 2010s	Poverty line in national currency	Middle	130023
TUR	Mid 2010s	Poverty line in national currency	Middle	10907.6
USA	Mid 2010s	Poverty line in national currency	Middle	17976.6
ZAF	Mid 2010s	Poverty line in national currency	Middle	13197.4
AUS	Mid 2010s	Lower threshold in PPPs	Middle	19536.6
AUT	Mid 2010s	Lower threshold in PPPs	Middle	20682.3
BEL	Mid 2010s	Lower threshold in PPPs	Middle	18685.8
BRA	Mid 2010s	Lower threshold in PPPs	Middle	4967.57
CAN	Mid 2010s	Lower threshold in PPPs	Middle	21989.5
CHE	Mid 2010s	Lower threshold in PPPs	Middle	24664.2
CHL	Mid 2010s	Lower threshold in PPPs	Middle	6145.14
CHN	Mid 2010s	Lower threshold in PPPs	Middle	4862.49
CZE	Mid 2010s	Lower threshold in PPPs	Middle	10249.8
DEU	Mid 2010s	Lower threshold in PPPs	Middle	17860.6
DNK	Mid 2010s	Lower threshold in PPPs	Middle	19734.7
ESP	Mid 2010s	Lower threshold in PPPs	Middle	12910.6
EST	Mid 2010s	Lower threshold in PPPs	Middle	8658.2
FIN	Mid 2010s	Lower threshold in PPPs	Middle	18021.4
FRA	Mid 2010s	Lower threshold in PPPs	Middle	18173.2
GBR	Mid 2010s	Lower threshold in PPPs	Middle	15855.9
GRC	Mid 2010s	Lower threshold in PPPs	Middle	7893.85
HUN	Mid 2010s	Lower threshold in PPPs	Middle	8707.09
IND	Mid 2010s	Lower threshold in PPPs	Middle	1656.46
IRL	Mid 2010s	Lower threshold in PPPs	Middle	18704.4
ISL	Mid 2010s	Lower threshold in PPPs	Middle	17744.9
ISR	Mid 2010s	Lower threshold in PPPs	Middle	14008.5
ITA	Mid 2010s	Lower threshold in PPPs	Middle	12205.8
JPN	Mid 2010s	Lower threshold in PPPs	Middle	16502.4
KOR	Mid 2010s	Lower threshold in PPPs	Middle	15652.8
LTU	Mid 2010s	Lower threshold in PPPs	Middle	9057.61
LUX	Mid 2010s	Lower threshold in PPPs	Middle	26482.5
LVA	Mid 2010s	Lower threshold in PPPs	Middle	9209.47
MEX	Mid 2010s	Lower threshold in PPPs	Middle	3757.22
NLD	Mid 2010s	Lower threshold in PPPs	Middle	17806.1
NOR	Mid 2010s	Lower threshold in PPPs	Middle	26404.2
POL	Mid 2010s	Lower threshold in PPPs	Middle	9921.88
PRT	Mid 2010s	Lower threshold in PPPs	Middle	9854.33
RUS	Mid 2010s	Lower threshold in PPPs	Middle	8232.42
SVK	Mid 2010s	Lower threshold in PPPs	Middle	9439.48
SVN	Mid 2010s	Lower threshold in PPPs	Middle	13249.3
SWE	Mid 2010s	Lower threshold in PPPs	Middle	19634
TUR	Mid 2010s	Lower threshold in PPPs	Middle	7215.49
USA	Mid 2010s	Lower threshold in PPPs	Middle	23415.7
ZAF	Mid 2010s	Lower threshold in PPPs	Middle	2604.99
AUS	Mid 2010s	Upper threshold in PPPs	Middle	52097.5
AUT	Mid 2010s	Upper threshold in PPPs	Middle	55152.8
BEL	Mid 2010s	Upper threshold in PPPs	Middle	49828.7
BRA	Mid 2010s	Upper threshold in PPPs	Middle	13246.9
CAN	Mid 2010s	Upper threshold in PPPs	Middle	58638.8
CHE	Mid 2010s	Upper threshold in PPPs	Middle	65771.3
CHL	Mid 2010s	Upper threshold in PPPs	Middle	16387
CHN	Mid 2010s	Upper threshold in PPPs	Middle	12966.6
CZE	Mid 2010s	Upper threshold in PPPs	Middle	27332.9
DEU	Mid 2010s	Upper threshold in PPPs	Middle	47628.2
DNK	Mid 2010s	Upper threshold in PPPs	Middle	52625.8
ESP	Mid 2010s	Upper threshold in PPPs	Middle	34428.2
EST	Mid 2010s	Upper threshold in PPPs	Middle	23088.5
FIN	Mid 2010s	Upper threshold in PPPs	Middle	48057.1
FRA	Mid 2010s	Upper threshold in PPPs	Middle	48461.8
GBR	Mid 2010s	Upper threshold in PPPs	Middle	42282.5
GRC	Mid 2010s	Upper threshold in PPPs	Middle	21050.3
HUN	Mid 2010s	Upper threshold in PPPs	Middle	23218.9
IND	Mid 2010s	Upper threshold in PPPs	Middle	4417.23
IRL	Mid 2010s	Upper threshold in PPPs	Middle	49878.5
ISL	Mid 2010s	Upper threshold in PPPs	Middle	47319.7
ISR	Mid 2010s	Upper threshold in PPPs	Middle	37356
ITA	Mid 2010s	Upper threshold in PPPs	Middle	32548.8
JPN	Mid 2010s	Upper threshold in PPPs	Middle	44006.4
KOR	Mid 2010s	Upper threshold in PPPs	Middle	41740.9
LTU	Mid 2010s	Upper threshold in PPPs	Middle	24153.6
LUX	Mid 2010s	Upper threshold in PPPs	Middle	70619.9
LVA	Mid 2010s	Upper threshold in PPPs	Middle	24558.6
MEX	Mid 2010s	Upper threshold in PPPs	Middle	10019.2
NLD	Mid 2010s	Upper threshold in PPPs	Middle	47482.9
NOR	Mid 2010s	Upper threshold in PPPs	Middle	70411.2
POL	Mid 2010s	Upper threshold in PPPs	Middle	26458.3
PRT	Mid 2010s	Upper threshold in PPPs	Middle	26278.2
RUS	Mid 2010s	Upper threshold in PPPs	Middle	21953.1
SVK	Mid 2010s	Upper threshold in PPPs	Middle	25172
SVN	Mid 2010s	Upper threshold in PPPs	Middle	35331.4
SWE	Mid 2010s	Upper threshold in PPPs	Middle	52357.4
TUR	Mid 2010s	Upper threshold in PPPs	Middle	19241.3
USA	Mid 2010s	Upper threshold in PPPs	Middle	62442
ZAF	Mid 2010s	Upper threshold in PPPs	Middle	6946.64
AUS	Mid 2010s	Poverty line in PPPs	Middle	13024.4
AUT	Mid 2010s	Poverty line in PPPs	Middle	13788.2
BEL	Mid 2010s	Poverty line in PPPs	Middle	12457.2
BRA	Mid 2010s	Poverty line in PPPs	Middle	3311.71
CAN	Mid 2010s	Poverty line in PPPs	Middle	14659.7
CHE	Mid 2010s	Poverty line in PPPs	Middle	16442.8
CHL	Mid 2010s	Poverty line in PPPs	Middle	4096.76
CHN	Mid 2010s	Poverty line in PPPs	Middle	3241.66
CZE	Mid 2010s	Poverty line in PPPs	Middle	6833.22
DEU	Mid 2010s	Poverty line in PPPs	Middle	11907.1
DNK	Mid 2010s	Poverty line in PPPs	Middle	13156.4
ESP	Mid 2010s	Poverty line in PPPs	Middle	8607.04
EST	Mid 2010s	Poverty line in PPPs	Middle	5772.13
FIN	Mid 2010s	Poverty line in PPPs	Middle	12014.3
FRA	Mid 2010s	Poverty line in PPPs	Middle	12115.5
GBR	Mid 2010s	Poverty line in PPPs	Middle	10570.6
GRC	Mid 2010s	Poverty line in PPPs	Middle	5262.56
HUN	Mid 2010s	Poverty line in PPPs	Middle	5804.73
IND	Mid 2010s	Poverty line in PPPs	Middle	1104.31
IRL	Mid 2010s	Poverty line in PPPs	Middle	12469.6
ISL	Mid 2010s	Poverty line in PPPs	Middle	11829.9
ISR	Mid 2010s	Poverty line in PPPs	Middle	9339
ITA	Mid 2010s	Poverty line in PPPs	Middle	8137.19
JPN	Mid 2010s	Poverty line in PPPs	Middle	11001.6
KOR	Mid 2010s	Poverty line in PPPs	Middle	10435.2
LTU	Mid 2010s	Poverty line in PPPs	Middle	6038.4
LUX	Mid 2010s	Poverty line in PPPs	Middle	17655
LVA	Mid 2010s	Poverty line in PPPs	Middle	6139.64
MEX	Mid 2010s	Poverty line in PPPs	Middle	2504.81
NLD	Mid 2010s	Poverty line in PPPs	Middle	11870.7
NOR	Mid 2010s	Poverty line in PPPs	Middle	17602.8
POL	Mid 2010s	Poverty line in PPPs	Middle	6614.59
PRT	Mid 2010s	Poverty line in PPPs	Middle	6569.55
RUS	Mid 2010s	Poverty line in PPPs	Middle	5488.28
SVK	Mid 2010s	Poverty line in PPPs	Middle	6292.99
SVN	Mid 2010s	Poverty line in PPPs	Middle	8832.85
SWE	Mid 2010s	Poverty line in PPPs	Middle	13089.4
TUR	Mid 2010s	Poverty line in PPPs	Middle	4810.33
USA	Mid 2010s	Poverty line in PPPs	Middle	15610.5
ZAF	Mid 2010s	Poverty line in PPPs	Middle	1736.66
AUS	Mid 2010s	Population share by income class	Lower	32.3879
AUS	Mid 2010s	Population share by income class	Middle	58.0574
AUS	Mid 2010s	Population share by income class	Upper	9.55472
AUS	Mid 2000s	Population share by income class	Lower	33.1739
AUS	Mid 2000s	Population share by income class	Middle	57.0429
AUS	Mid 2000s	Population share by income class	Upper	9.78322
AUT	Mid 2010s	Population share by income class	Lower	26.4155
AUT	Mid 2010s	Population share by income class	Middle	66.5204
AUT	Mid 2010s	Population share by income class	Upper	7.06415
AUT	Mid 2000s	Population share by income class	Lower	25.4623
AUT	Mid 2000s	Population share by income class	Middle	67.7431
AUT	Mid 2000s	Population share by income class	Upper	6.79458
BEL	Mid 2010s	Population share by income class	Lower	29.4981
BEL	Mid 2010s	Population share by income class	Middle	65.5928
BEL	Mid 2010s	Population share by income class	Upper	4.90911
BEL	Mid 2000s	Population share by income class	Lower	29.5345
BEL	Mid 2000s	Population share by income class	Middle	64.9953
BEL	Mid 2000s	Population share by income class	Upper	5.47021
BRA	Mid 2010s	Population share by income class	Lower	36.1328
BRA	Mid 2010s	Population share by income class	Middle	44.8439
BRA	Mid 2010s	Population share by income class	Upper	19.0233
BRA	Mid 2000s	Population share by income class	Lower	37.0504
BRA	Mid 2000s	Population share by income class	Middle	41.4015
BRA	Mid 2000s	Population share by income class	Upper	21.5481
CAN	Mid 2010s	Population share by income class	Lower	31.6189
CAN	Mid 2010s	Population share by income class	Middle	58.4348
CAN	Mid 2010s	Population share by income class	Upper	9.94633
CAN	Mid 2000s	Population share by income class	Lower	30.825
CAN	Mid 2000s	Population share by income class	Middle	59.9125
CAN	Mid 2000s	Population share by income class	Upper	9.26248
CHE	Mid 2010s	Population share by income class	Lower	27.5442
CHE	Mid 2010s	Population share by income class	Middle	64.5201
CHE	Mid 2010s	Population share by income class	Upper	7.93569
CHE	Mid 2000s	Population share by income class	Lower	25.7483
CHE	Mid 2000s	Population share by income class	Middle	68.2189
CHE	Mid 2000s	Population share by income class	Upper	6.03282
CHL	Mid 2010s	Population share by income class	Lower	33.9403
CHL	Mid 2010s	Population share by income class	Middle	47.4928
CHL	Mid 2010s	Population share by income class	Upper	18.5669
CHL	Mid 2000s	Population share by income class	Lower	35.2456
CHL	Mid 2000s	Population share by income class	Middle	44.9488
CHL	Mid 2000s	Population share by income class	Upper	19.8056
CHN	Mid 2010s	Population share by income class	Lower	35.6893
CHN	Mid 2010s	Population share by income class	Middle	48.2488
CHN	Mid 2010s	Population share by income class	Upper	16.0618
CZE	Mid 2010s	Population share by income class	Lower	22.5313
CZE	Mid 2010s	Population share by income class	Middle	71.2463
CZE	Mid 2010s	Population share by income class	Upper	6.2224
CZE	Mid 2000s	Population share by income class	Lower	23.4757
CZE	Mid 2000s	Population share by income class	Middle	69.3212
CZE	Mid 2000s	Population share by income class	Upper	7.20307
DEU	Mid 2010s	Population share by income class	Lower	28.1012
DEU	Mid 2010s	Population share by income class	Middle	64.066
DEU	Mid 2010s	Population share by income class	Upper	7.83273
DEU	Mid 2000s	Population share by income class	Lower	26.716
DEU	Mid 2000s	Population share by income class	Middle	66.555
DEU	Mid 2000s	Population share by income class	Upper	6.72904
DNK	Mid 2010s	Population share by income class	Lower	26.8479
DNK	Mid 2010s	Population share by income class	Middle	68.9577
DNK	Mid 2010s	Population share by income class	Upper	4.19434
DNK	Mid 2000s	Population share by income class	Lower	26.4316
DNK	Mid 2000s	Population share by income class	Middle	70.9312
DNK	Mid 2000s	Population share by income class	Upper	2.63723
ESP	Mid 2010s	Population share by income class	Lower	33.4711
ESP	Mid 2010s	Population share by income class	Middle	54.9825
ESP	Mid 2010s	Population share by income class	Upper	11.5464
ESP	Mid 2000s	Population share by income class	Lower	32.414
ESP	Mid 2000s	Population share by income class	Middle	58.0238
ESP	Mid 2000s	Population share by income class	Upper	9.56225
EST	Mid 2010s	Population share by income class	Lower	33.0007
EST	Mid 2010s	Population share by income class	Middle	52.8433
EST	Mid 2010s	Population share by income class	Upper	14.1561
EST	Mid 2000s	Population share by income class	Lower	31.6861
EST	Mid 2000s	Population share by income class	Middle	56.1292
EST	Mid 2000s	Population share by income class	Upper	12.1847
FIN	Mid 2010s	Population share by income class	Lower	26.904
FIN	Mid 2010s	Population share by income class	Middle	68.3349
FIN	Mid 2010s	Population share by income class	Upper	4.76112
FIN	Mid 2000s	Population share by income class	Lower	26.9384
FIN	Mid 2000s	Population share by income class	Middle	68.4901
FIN	Mid 2000s	Population share by income class	Upper	4.57154
FRA	Mid 2010s	Population share by income class	Lower	25.43289
FRA	Mid 2010s	Population share by income class	Middle	68.34715
FRA	Mid 2010s	Population share by income class	Upper	6.219963
FRA	Mid 2000s	Population share by income class	Lower	24.85464
FRA	Mid 2000s	Population share by income class	Middle	69.3429
FRA	Mid 2000s	Population share by income class	Upper	5.802457
GBR	Mid 2010s	Population share by income class	Lower	30.3884
GBR	Mid 2010s	Population share by income class	Middle	58.3005
GBR	Mid 2010s	Population share by income class	Upper	11.311
GBR	Mid 2000s	Population share by income class	Lower	32.1769
GBR	Mid 2000s	Population share by income class	Middle	55.5018
GBR	Mid 2000s	Population share by income class	Upper	12.3213
GRC	Mid 2010s	Population share by income class	Lower	32.0028
GRC	Mid 2010s	Population share by income class	Middle	57.0566
GRC	Mid 2010s	Population share by income class	Upper	10.9406
GRC	Mid 2000s	Population share by income class	Lower	30.0067
GRC	Mid 2000s	Population share by income class	Middle	59.0708
GRC	Mid 2000s	Population share by income class	Upper	10.9225
HUN	Mid 2010s	Population share by income class	Lower	24.8
HUN	Mid 2010s	Population share by income class	Middle	68.4
HUN	Mid 2010s	Population share by income class	Upper	6.8
HUN	Mid 2000s	Population share by income class	Lower	25.718
HUN	Mid 2000s	Population share by income class	Middle	66.015
HUN	Mid 2000s	Population share by income class	Upper	8.26701
IND	Mid 2010s	Population share by income class	Lower	36.8927
IND	Mid 2010s	Population share by income class	Middle	40.2319
IND	Mid 2010s	Population share by income class	Upper	22.8754
IND	Mid 2000s	Population share by income class	Lower	36.7947
IND	Mid 2000s	Population share by income class	Middle	39.7965
IND	Mid 2000s	Population share by income class	Upper	23.4087
IRL	Mid 2010s	Population share by income class	Lower	30.9145
IRL	Mid 2010s	Population share by income class	Middle	60.4373
IRL	Mid 2010s	Population share by income class	Upper	8.64821
IRL	Mid 2000s	Population share by income class	Lower	32.5613
IRL	Mid 2000s	Population share by income class	Middle	58.1562
IRL	Mid 2000s	Population share by income class	Upper	9.28252
ISL	Mid 2010s	Population share by income class	Lower	22.9906
ISL	Mid 2010s	Population share by income class	Middle	72.2535
ISL	Mid 2010s	Population share by income class	Upper	4.75595
ISL	Mid 2000s	Population share by income class	Lower	23.2474
ISL	Mid 2000s	Population share by income class	Middle	70.4821
ISL	Mid 2000s	Population share by income class	Upper	6.27048
ISR	Mid 2010s	Population share by income class	Lower	34.9266
ISR	Mid 2010s	Population share by income class	Middle	51.1475
ISR	Mid 2010s	Population share by income class	Upper	13.9259
ISR	Mid 2000s	Population share by income class	Lower	35.5854
ISR	Mid 2000s	Population share by income class	Middle	49.7929
ISR	Mid 2000s	Population share by income class	Upper	14.6217
ITA	Mid 2010s	Population share by income class	Lower	32.796
ITA	Mid 2010s	Population share by income class	Middle	58.5619
ITA	Mid 2010s	Population share by income class	Upper	8.64209
ITA	Mid 2000s	Population share by income class	Lower	32.2971
ITA	Mid 2000s	Population share by income class	Middle	58.0915
ITA	Mid 2000s	Population share by income class	Upper	9.61143
JPN	Mid 2000s	Population share by income class	Lower	36.1098
JPN	Mid 2000s	Population share by income class	Middle	53.187
JPN	Mid 2000s	Population share by income class	Upper	10.7033
KOR	Mid 2010s	Population share by income class	Lower	31.0537
KOR	Mid 2010s	Population share by income class	Middle	61.0561
KOR	Mid 2010s	Population share by income class	Upper	7.89013
KOR	Mid 2000s	Population share by income class	Lower	30.9146
KOR	Mid 2000s	Population share by income class	Middle	61.5444
KOR	Mid 2000s	Population share by income class	Upper	7.54092
LTU	Mid 2010s	Population share by income class	Lower	34.7053
LTU	Mid 2010s	Population share by income class	Middle	52.0575
LTU	Mid 2010s	Population share by income class	Upper	13.2372
LTU	Mid 2000s	Population share by income class	Lower	33.4959
LTU	Mid 2000s	Population share by income class	Middle	54.0291
LTU	Mid 2000s	Population share by income class	Upper	12.475
LUX	Mid 2010s	Population share by income class	Lower	27.7344
LUX	Mid 2010s	Population share by income class	Middle	64.6638
LUX	Mid 2010s	Population share by income class	Upper	7.60187
LUX	Mid 2000s	Population share by income class	Lower	25.1908
LUX	Mid 2000s	Population share by income class	Middle	67.5001
LUX	Mid 2000s	Population share by income class	Upper	7.3091
LVA	Mid 2010s	Population share by income class	Lower	33.6632
LVA	Mid 2010s	Population share by income class	Middle	54.3397
LVA	Mid 2010s	Population share by income class	Upper	11.9971
LVA	Mid 2000s	Population share by income class	Lower	35.3996
LVA	Mid 2000s	Population share by income class	Middle	50.3376
LVA	Mid 2000s	Population share by income class	Upper	14.2628
MEX	Mid 2010s	Population share by income class	Lower	35.9674
MEX	Mid 2010s	Population share by income class	Middle	44.8971
MEX	Mid 2010s	Population share by income class	Upper	19.1355
MEX	Mid 2000s	Population share by income class	Lower	35.4819
MEX	Mid 2000s	Population share by income class	Middle	44.7938
MEX	Mid 2000s	Population share by income class	Upper	19.7244
NLD	Mid 2010s	Population share by income class	Lower	24.7768
NLD	Mid 2010s	Population share by income class	Middle	69.3984
NLD	Mid 2010s	Population share by income class	Upper	5.82479
NLD	Mid 2000s	Population share by income class	Lower	24.3944
NLD	Mid 2000s	Population share by income class	Middle	70.1375
NLD	Mid 2000s	Population share by income class	Upper	5.46806
NOR	Mid 2010s	Population share by income class	Lower	25.0178
NOR	Mid 2010s	Population share by income class	Middle	70.831
NOR	Mid 2010s	Population share by income class	Upper	4.15119
NOR	Mid 2000s	Population share by income class	Lower	24.4981
NOR	Mid 2000s	Population share by income class	Middle	71.1904
NOR	Mid 2000s	Population share by income class	Upper	4.31157
POL	Mid 2010s	Population share by income class	Lower	29.4533
POL	Mid 2010s	Population share by income class	Middle	61.2276
POL	Mid 2010s	Population share by income class	Upper	9.31908
POL	Mid 2000s	Population share by income class	Lower	29.3521
POL	Mid 2000s	Population share by income class	Middle	61.1922
POL	Mid 2000s	Population share by income class	Upper	9.45565
PRT	Mid 2010s	Population share by income class	Lower	29.2821
PRT	Mid 2010s	Population share by income class	Middle	60.1074
PRT	Mid 2010s	Population share by income class	Upper	10.6105
PRT	Mid 2000s	Population share by income class	Lower	30.3195
PRT	Mid 2000s	Population share by income class	Middle	54.8938
PRT	Mid 2000s	Population share by income class	Upper	14.7867
RUS	Mid 2010s	Population share by income class	Lower	33.5648
RUS	Mid 2010s	Population share by income class	Middle	53.0856
RUS	Mid 2010s	Population share by income class	Upper	13.3496
RUS	Mid 2000s	Population share by income class	Lower	38.9663
RUS	Mid 2000s	Population share by income class	Middle	42.4922
RUS	Mid 2000s	Population share by income class	Upper	18.5415
SVK	Mid 2010s	Population share by income class	Lower	24.4127
SVK	Mid 2010s	Population share by income class	Middle	69.4742
SVK	Mid 2010s	Population share by income class	Upper	6.11314
SVK	Mid 2000s	Population share by income class	Lower	25.1331
SVK	Mid 2000s	Population share by income class	Middle	69.18
SVK	Mid 2000s	Population share by income class	Upper	5.6869
SVN	Mid 2010s	Population share by income class	Lower	27.8066
SVN	Mid 2010s	Population share by income class	Middle	66.7753
SVN	Mid 2010s	Population share by income class	Upper	5.41808
SVN	Mid 2000s	Population share by income class	Lower	24.1519
SVN	Mid 2000s	Population share by income class	Middle	72.1689
SVN	Mid 2000s	Population share by income class	Upper	3.67921
SWE	Mid 2010s	Population share by income class	Lower	29.80826
SWE	Mid 2010s	Population share by income class	Middle	65.15445
SWE	Mid 2010s	Population share by income class	Upper	5.037294
SWE	Mid 2000s	Population share by income class	Lower	26.75942
SWE	Mid 2000s	Population share by income class	Middle	69.75183
SWE	Mid 2000s	Population share by income class	Upper	3.488755
USA	Mid 2010s	Population share by income class	Lower	34.9353
USA	Mid 2010s	Population share by income class	Middle	51.006
USA	Mid 2010s	Population share by income class	Upper	14.0587
USA	Mid 2000s	Population share by income class	Lower	34.1701
USA	Mid 2000s	Population share by income class	Middle	53.7257
USA	Mid 2000s	Population share by income class	Upper	12.1043
ZAF	Mid 2010s	Population share by income class	Lower	38.6896
ZAF	Mid 2010s	Population share by income class	Middle	33.4881
ZAF	Mid 2010s	Population share by income class	Upper	27.8223
ZAF	Mid 2000s	Population share by income class	Lower	38.66
ZAF	Mid 2000s	Population share by income class	Middle	32.3249
ZAF	Mid 2000s	Population share by income class	Upper	29.015
OECD	Mid 2010s	Population share by income class	Lower	29.8099
OECD	Mid 2010s	Population share by income class	Middle	61.1797
OECD	Mid 2010s	Population share by income class	Upper	9.01037
OECD	Mid 2000s	Population share by income class	Lower	29.2889
OECD	Mid 2000s	Population share by income class	Middle	62.2109
OECD	Mid 2000s	Population share by income class	Upper	8.50019
